0000f269f.jpg,612,115,691,255,5
0000f269f.jpg,691,115,770,255,6
0000f269f.jpg,770,115,849,255,2
0000f269f.jpg,849,115,928,255,1
0000f269f.jpg,928,115,1007,255,6
0000f269f.jpg,1007,115,1086,255,8
0000f269f.jpg,1086,115,1165,255,3
0002cc93b.jpg,914,156,961,240,4
0002cc93b.jpg,961,156,1008,240,7
0002cc93b.jpg,1008,156,1055,240,7
0002cc93b.jpg,1055,156,1102,240,1
0002cc93b.jpg,1102,156,1149,240,0
0002cc93b.jpg,1149,156,1196,240,3
00031f466.jpg,1243,131,1290,215,9
00031f466.jpg,1290,131,1337,215,1
00031f466.jpg,1337,131,1384,215,6
00031f466.jpg,1384,131,1431,215,8
000418bfc.jpg,294,69,337,145,2
000418bfc.jpg,337,69,380,145,1
000418bfc.jpg,380,69,423,145,2
000418bfc.jpg,423,69,466,145,6
000789191.jpg,1148,5,1186,73,8
000789191.jpg,1186,5,1224,73,3
000789191.jpg,1224,5,1262,73,3
0007a71bf.jpg,233,82,270,148,5
0007a71bf.jpg,270,82,307,148,9
0007a71bf.jpg,307,82,344,148,8
0007a71bf.jpg,344,82,381,148,6
0007a71bf.jpg,381,82,418,148,9
0007a71bf.jpg,418,82,455,148,8
0007a71bf.jpg,455,82,492,148,8
0007a71bf.jpg,492,82,529,148,3
000a4bcdd.jpg,483,12,541,115,8
000a4bcdd.jpg,541,12,599,115,3
000a4bcdd.jpg,599,12,657,115,3
000f6bf48.jpg,764,63,831,182,4
000f6bf48.jpg,831,63,898,182,5
000f6bf48.jpg,898,63,965,182,3
000f6bf48.jpg,965,63,1032,182,8
000f6bf48.jpg,1032,63,1099,182,2
001982b08.jpg,634,100,663,152,0
001982b08.jpg,663,100,692,152,3
001982b08.jpg,692,100,721,152,4
001982b08.jpg,721,100,750,152,6
001982b08.jpg,750,100,779,152,2
001982b08.jpg,779,100,808,152,2
001982b08.jpg,808,100,837,152,3
001d1b355.jpg,145,107,215,231,3
001d1b355.jpg,215,107,285,231,0
001d1b355.jpg,285,107,355,231,4
001d1b355.jpg,355,107,425,231,3
001d1b355.jpg,425,107,495,231,1
001d1b355.jpg,495,107,565,231,5
001d1b355.jpg,565,107,635,231,1
001d3d093.jpg,821,123,867,205,3
001d3d093.jpg,867,123,913,205,3
001d3d093.jpg,913,123,959,205,8
001d3d093.jpg,959,123,1005,205,4
002451917.jpg,336,156,384,241,7
002451917.jpg,384,156,432,241,5
002451917.jpg,432,156,480,241,2
002451917.jpg,480,156,528,241,1
002451917.jpg,528,156,576,241,4
0025bde0c.jpg,626,98,705,238,9
0025bde0c.jpg,705,98,784,238,2
0025bde0c.jpg,784,98,863,238,1
002af848d.jpg,916,56,965,143,2
002af848d.jpg,965,56,1014,143,4
002af848d.jpg,1014,56,1063,143,2
002af848d.jpg,1063,56,1112,143,8
002e73b3c.jpg,206,16,252,98,5
002e73b3c.jpg,252,16,298,98,0
002e73b3c.jpg,298,16,344,98,7
002e73b3c.jpg,344,16,390,98,2
002e73b3c.jpg,390,16,436,98,1
002e73b3c.jpg,436,16,482,98,2
0030401a5.jpg,693,136,724,191,1
0030401a5.jpg,724,136,755,191,4
0030401a5.jpg,755,136,786,191,7
003c5da97.jpg,863,56,905,131,7
003c5da97.jpg,905,56,947,131,2
003c5da97.jpg,947,56,989,131,3
003c5da97.jpg,989,56,1031,131,6
003c5da97.jpg,1031,56,1073,131,9
0042e163f.jpg,0,50,65,166,4
0042e163f.jpg,65,50,130,166,7
0042e163f.jpg,130,50,195,166,2
0042e163f.jpg,195,50,260,166,0
0042e163f.jpg,260,50,325,166,2
0042e163f.jpg,325,50,390,166,9
0046839bd.jpg,223,7,273,96,5
0046839bd.jpg,273,7,323,96,3
0046839bd.jpg,323,7,373,96,6
0046839bd.jpg,373,7,423,96,3
0046839bd.jpg,423,7,473,96,9
0046839bd.jpg,473,7,523,96,6
00513039a.jpg,852,31,927,164,4
00513039a.jpg,927,31,1002,164,9
00513039a.jpg,1002,31,1077,164,8
005d86c25.jpg,164,154,221,255,2
005d86c25.jpg,221,154,278,255,8
005d86c25.jpg,278,154,335,255,2
005d86c25.jpg,335,154,392,255,1
005d86c25.jpg,392,154,449,255,4
005f19695.jpg,1194,120,1260,237,4
005f19695.jpg,1260,120,1326,237,2
005f19695.jpg,1326,120,1392,237,8
006a4402e.jpg,426,140,490,254,3
006a4402e.jpg,490,140,554,254,9
006a4402e.jpg,554,140,618,254,2
006a4402e.jpg,618,140,682,254,0
006a4402e.jpg,682,140,746,254,5
006a4402e.jpg,746,140,810,254,9
006a4402e.jpg,810,140,874,254,7
006a4402e.jpg,874,140,938,254,9
006f39c41.jpg,671,81,710,150,5
006f39c41.jpg,710,81,749,150,7
006f39c41.jpg,749,81,788,150,9
006f39c41.jpg,788,81,827,150,1
006f39c41.jpg,827,81,866,150,8
00762aa3b.jpg,299,63,355,163,7
00762aa3b.jpg,355,63,411,163,6
00762aa3b.jpg,411,63,467,163,0
00762aa3b.jpg,467,63,523,163,3
00762aa3b.jpg,523,63,579,163,6
00762aa3b.jpg,579,63,635,163,2
00762aa3b.jpg,635,63,691,163,4
00762aa3b.jpg,691,63,747,163,3
007f28bba.jpg,18,61,69,152,4
007f28bba.jpg,69,61,120,152,2
007f28bba.jpg,120,61,171,152,0
007f28bba.jpg,171,61,222,152,5
008479d08.jpg,586,94,632,176,5
008479d08.jpg,632,94,678,176,8
008479d08.jpg,678,94,724,176,0
008479d08.jpg,724,94,770,176,2
008621629.jpg,158,1,211,95,5
008621629.jpg,211,1,264,95,6
008621629.jpg,264,1,317,95,3
008725cbc.jpg,310,126,354,204,1
008725cbc.jpg,354,126,398,204,5
008725cbc.jpg,398,126,442,204,6
008725cbc.jpg,442,126,486,204,2
008725cbc.jpg,486,126,530,204,1
008725cbc.jpg,530,126,574,204,1
008725cbc.jpg,574,126,618,204,2
008725cbc.jpg,618,126,662,204,1
0088260da.jpg,100,113,144,191,0
0088260da.jpg,144,113,188,191,6
0088260da.jpg,188,113,232,191,8
0088260da.jpg,232,113,276,191,3
0088260da.jpg,276,113,320,191,1
0088260da.jpg,320,113,364,191,5
008b9acf5.jpg,191,67,252,175,2
008b9acf5.jpg,252,67,313,175,1
008b9acf5.jpg,313,67,374,175,7
008b9acf5.jpg,374,67,435,175,3
008b9acf5.jpg,435,67,496,175,0
008b9acf5.jpg,496,67,557,175,6
008b9acf5.jpg,557,67,618,175,9
008b9acf5.jpg,618,67,679,175,3
008d0f87b.jpg,422,177,459,243,0
008d0f87b.jpg,459,177,496,243,4
008d0f87b.jpg,496,177,533,243,1
008d0f87b.jpg,533,177,570,243,0
008d0f87b.jpg,570,177,607,243,8
008d0f87b.jpg,607,177,644,243,4
008d0f87b.jpg,644,177,681,243,7
0095cd374.jpg,42,100,81,169,5
0095cd374.jpg,81,100,120,169,6
0095cd374.jpg,120,100,159,169,9
009b12ccc.jpg,503,109,553,198,8
009b12ccc.jpg,553,109,603,198,4
009b12ccc.jpg,603,109,653,198,9
009b12ccc.jpg,653,109,703,198,1
009b12ccc.jpg,703,109,753,198,9
009b12ccc.jpg,753,109,803,198,0
009b12ccc.jpg,803,109,853,198,7
009b12ccc.jpg,853,109,903,198,0
00a0b7730.jpg,799,161,836,227,4
00a0b7730.jpg,836,161,873,227,2
00a0b7730.jpg,873,161,910,227,1
00a0f9949.jpg,327,103,394,222,5
00a0f9949.jpg,394,103,461,222,1
00a0f9949.jpg,461,103,528,222,6
00ac8372f.jpg,1015,16,1073,119,7
00ac8372f.jpg,1073,16,1131,119,5
00ac8372f.jpg,1131,16,1189,119,2
00ac8372f.jpg,1189,16,1247,119,3
00af2671f.jpg,630,36,673,112,4
00af2671f.jpg,673,36,716,112,1
00af2671f.jpg,716,36,759,112,2
00af2671f.jpg,759,36,802,112,1
00af2671f.jpg,802,36,845,112,8
00b7fb703.jpg,720,1,768,86,3
00b7fb703.jpg,768,1,816,86,6
00b7fb703.jpg,816,1,864,86,7
00b7fb703.jpg,864,1,912,86,6
00b7fb703.jpg,912,1,960,86,2
00b7fb703.jpg,960,1,1008,86,5
00b989e78.jpg,189,153,240,244,4
00b989e78.jpg,240,153,291,244,9
00b989e78.jpg,291,153,342,244,4
00bbcd9af.jpg,475,141,521,223,6
00bbcd9af.jpg,521,141,567,223,2
00bbcd9af.jpg,567,141,613,223,9
00bbcd9af.jpg,613,141,659,223,1
00bc01bfe.jpg,157,78,237,220,5
00bc01bfe.jpg,237,78,317,220,2
00bc01bfe.jpg,317,78,397,220,0
00bc01bfe.jpg,397,78,477,220,1
00bc01bfe.jpg,477,78,557,220,3
00bf8497a.jpg,987,53,1055,174,9
00bf8497a.jpg,1055,53,1123,174,1
00bf8497a.jpg,1123,53,1191,174,3
00c24a74c.jpg,1407,145,1455,230,6
00c24a74c.jpg,1455,145,1503,230,3
00c24a74c.jpg,1503,145,1551,230,9
00c24a74c.jpg,1551,145,1599,230,1
00c6060db.jpg,1004,13,1043,82,2
00c6060db.jpg,1043,13,1082,82,7
00c6060db.jpg,1082,13,1121,82,4
00c6060db.jpg,1121,13,1160,82,4
00c6060db.jpg,1160,13,1199,82,2
00c6060db.jpg,1199,13,1238,82,1
00c6060db.jpg,1238,13,1277,82,2
00c6060db.jpg,1277,13,1316,82,9
00cdb56a0.jpg,900,115,957,216,8
00cdb56a0.jpg,957,115,1014,216,0
00cdb56a0.jpg,1014,115,1071,216,8
00cdb56a0.jpg,1071,115,1128,216,3
00cdb56a0.jpg,1128,115,1185,216,7
00cdb56a0.jpg,1185,115,1242,216,4
00cdb56a0.jpg,1242,115,1299,216,8
00cdb56a0.jpg,1299,115,1356,216,6
00d72c660.jpg,1016,114,1067,205,6
00d72c660.jpg,1067,114,1118,205,6
00d72c660.jpg,1118,114,1169,205,8
00d72c660.jpg,1169,114,1220,205,6
00d72c660.jpg,1220,114,1271,205,1
00d72c660.jpg,1271,114,1322,205,5
00d7ae946.jpg,631,91,690,196,9
00d7ae946.jpg,690,91,749,196,8
00d7ae946.jpg,749,91,808,196,7
00d7ae946.jpg,808,91,867,196,5
00dcb19f3.jpg,315,65,364,152,9
00dcb19f3.jpg,364,65,413,152,0
00dcb19f3.jpg,413,65,462,152,5
00dcb19f3.jpg,462,65,511,152,9
00dcb19f3.jpg,511,65,560,152,9
00ded7837.jpg,729,1,790,109,7
00ded7837.jpg,790,1,851,109,7
00ded7837.jpg,851,1,912,109,9
00ded7837.jpg,912,1,973,109,2
00ded7837.jpg,973,1,1034,109,3
00df5b714.jpg,812,199,841,251,2
00df5b714.jpg,841,199,870,251,0
00df5b714.jpg,870,199,899,251,1
00df5b714.jpg,899,199,928,251,7
00df5b714.jpg,928,199,957,251,4
00e0398ad.jpg,611,64,690,204,6
00e0398ad.jpg,690,64,769,204,8
00e0398ad.jpg,769,64,848,204,6
00e0398ad.jpg,848,64,927,204,7
00e0398ad.jpg,927,64,1006,204,1
00ec97699.jpg,431,82,502,208,1
00ec97699.jpg,502,82,573,208,1
00ec97699.jpg,573,82,644,208,2
00ec97699.jpg,644,82,715,208,2
00f3799a7.jpg,217,158,264,242,0
00f3799a7.jpg,264,158,311,242,9
00f3799a7.jpg,311,158,358,242,7
00f3799a7.jpg,358,158,405,242,1
00fe04c98.jpg,116,106,167,197,2
00fe04c98.jpg,167,106,218,197,3
00fe04c98.jpg,218,106,269,197,0
00fe04c98.jpg,269,106,320,197,9
00fe04c98.jpg,320,106,371,197,8
00fe04c98.jpg,371,106,422,197,2
00fe7f023.jpg,200,184,235,246,8
00fe7f023.jpg,235,184,270,246,1
00fe7f023.jpg,270,184,305,246,2
00fe7f023.jpg,305,184,340,246,2
00fe7f023.jpg,340,184,375,246,8
0101e2cf0.jpg,754,131,824,255,2
0101e2cf0.jpg,824,131,894,255,1
0101e2cf0.jpg,894,131,964,255,4
0101e2cf0.jpg,964,131,1034,255,5
0101e2cf0.jpg,1034,131,1104,255,0
0101e2cf0.jpg,1104,131,1174,255,3
0101e2cf0.jpg,1174,131,1244,255,5
01053d28f.jpg,1144,140,1180,204,0
01053d28f.jpg,1180,140,1216,204,4
01053d28f.jpg,1216,140,1252,204,4
01053d28f.jpg,1252,140,1288,204,5
01053d28f.jpg,1288,140,1324,204,0
0108ce457.jpg,552,98,632,240,1
0108ce457.jpg,632,98,712,240,1
0108ce457.jpg,712,98,792,240,9
0109b68ec.jpg,927,45,1008,189,1
0109b68ec.jpg,1008,45,1089,189,8
0109b68ec.jpg,1089,45,1170,189,9
0109b68ec.jpg,1170,45,1251,189,7
010db68d1.jpg,638,99,696,202,5
010db68d1.jpg,696,99,754,202,3
010db68d1.jpg,754,99,812,202,3
010db68d1.jpg,812,99,870,202,4
010ec96b4.jpg,1241,9,1298,110,4
010ec96b4.jpg,1298,9,1355,110,2
010ec96b4.jpg,1355,9,1412,110,3
010ec96b4.jpg,1412,9,1469,110,0
010ec96b4.jpg,1469,9,1526,110,8
011a7e2a9.jpg,936,83,998,193,9
011a7e2a9.jpg,998,83,1060,193,9
011a7e2a9.jpg,1060,83,1122,193,8
012754bbb.jpg,378,75,451,205,2
012754bbb.jpg,451,75,524,205,0
012754bbb.jpg,524,75,597,205,8
012754bbb.jpg,597,75,670,205,6
012754bbb.jpg,670,75,743,205,9
012754bbb.jpg,743,75,816,205,9
012a4581b.jpg,1219,140,1257,208,4
012a4581b.jpg,1257,140,1295,208,0
012a4581b.jpg,1295,140,1333,208,7
012d29df4.jpg,236,133,285,220,7
012d29df4.jpg,285,133,334,220,4
012d29df4.jpg,334,133,383,220,9
012d29df4.jpg,383,133,432,220,6
012d29df4.jpg,432,133,481,220,0
012d29df4.jpg,481,133,530,220,4
012d29df4.jpg,530,133,579,220,4
012d29df4.jpg,579,133,628,220,6
012f26693.jpg,729,70,766,136,1
012f26693.jpg,766,70,803,136,3
012f26693.jpg,803,70,840,136,4
0139dd004.jpg,527,68,566,137,7
0139dd004.jpg,566,68,605,137,3
0139dd004.jpg,605,68,644,137,9
0139dd004.jpg,644,68,683,137,8
0139dd004.jpg,683,68,722,137,8
0139dd004.jpg,722,68,761,137,0
0139dd004.jpg,761,68,800,137,5
0139dd004.jpg,800,68,839,137,4
0148e9891.jpg,622,59,703,203,8
0148e9891.jpg,703,59,784,203,6
0148e9891.jpg,784,59,865,203,5
0148e9891.jpg,865,59,946,203,7
0148e9891.jpg,946,59,1027,203,8
0148e9891.jpg,1027,59,1108,203,8
0148e9891.jpg,1108,59,1189,203,5
014ebe543.jpg,1061,188,1098,254,5
014ebe543.jpg,1098,188,1135,254,5
014ebe543.jpg,1135,188,1172,254,9
014ebe543.jpg,1172,188,1209,254,7
014ebe543.jpg,1209,188,1246,254,1
014ebe543.jpg,1246,188,1283,254,0
015be539e.jpg,510,77,571,185,9
015be539e.jpg,571,77,632,185,3
015be539e.jpg,632,77,693,185,9
015be539e.jpg,693,77,754,185,8
015be539e.jpg,754,77,815,185,1
01661826d.jpg,645,14,715,138,9
01661826d.jpg,715,14,785,138,2
01661826d.jpg,785,14,855,138,0
016af13d0.jpg,164,99,230,216,9
016af13d0.jpg,230,99,296,216,0
016af13d0.jpg,296,99,362,216,2
016af13d0.jpg,362,99,428,216,9
016af13d0.jpg,428,99,494,216,5
016af13d0.jpg,494,99,560,216,2
016af13d0.jpg,560,99,626,216,7
016efe618.jpg,28,30,56,80,8
016efe618.jpg,56,30,84,80,3
016efe618.jpg,84,30,112,80,5
016efe618.jpg,112,30,140,80,5
016efe618.jpg,140,30,168,80,4
016efe618.jpg,168,30,196,80,1
016efe618.jpg,196,30,224,80,2
01764ee81.jpg,1134,105,1206,233,7
01764ee81.jpg,1206,105,1278,233,2
01764ee81.jpg,1278,105,1350,233,7
01764ee81.jpg,1350,105,1422,233,0
01764ee81.jpg,1422,105,1494,233,7
017796c88.jpg,423,85,503,227,7
017796c88.jpg,503,85,583,227,4
017796c88.jpg,583,85,663,227,2
017796c88.jpg,663,85,743,227,2
017796c88.jpg,743,85,823,227,4
017796c88.jpg,823,85,903,227,0
017796c88.jpg,903,85,983,227,2
017796c88.jpg,983,85,1063,227,3
017bd7ce3.jpg,1250,2,1318,123,0
017bd7ce3.jpg,1318,2,1386,123,7
017bd7ce3.jpg,1386,2,1454,123,3
017d75655.jpg,917,155,946,207,1
017d75655.jpg,946,155,975,207,2
017d75655.jpg,975,155,1004,207,4
017d75655.jpg,1004,155,1033,207,6
017d75655.jpg,1033,155,1062,207,1
017d75655.jpg,1062,155,1091,207,2
017d75655.jpg,1091,155,1120,207,4
017d75655.jpg,1120,155,1149,207,5
018ccdfed.jpg,191,15,254,127,5
018ccdfed.jpg,254,15,317,127,3
018ccdfed.jpg,317,15,380,127,9
018ccdfed.jpg,380,15,443,127,3
018ccdfed.jpg,443,15,506,127,0
018ccdfed.jpg,506,15,569,127,8
018ccdfed.jpg,569,15,632,127,9
018ccdfed.jpg,632,15,695,127,9
018d7b0a1.jpg,555,142,584,194,1
018d7b0a1.jpg,584,142,613,194,6
018d7b0a1.jpg,613,142,642,194,1
018d7b0a1.jpg,642,142,671,194,9
018d7b0a1.jpg,671,142,700,194,4
018d7b0a1.jpg,700,142,729,194,4
018d7b0a1.jpg,729,142,758,194,9
01919944c.jpg,571,69,647,204,1
01919944c.jpg,647,69,723,204,1
01919944c.jpg,723,69,799,204,8
01919944c.jpg,799,69,875,204,5
01919944c.jpg,875,69,951,204,8
01919944c.jpg,951,69,1027,204,4
019258298.jpg,731,107,792,215,5
019258298.jpg,792,107,853,215,7
019258298.jpg,853,107,914,215,4
019258298.jpg,914,107,975,215,1
019258298.jpg,975,107,1036,215,2
019258298.jpg,1036,107,1097,215,8
019258298.jpg,1097,107,1158,215,1
019258298.jpg,1158,107,1219,215,1
0197bb47e.jpg,766,123,823,224,6
0197bb47e.jpg,823,123,880,224,7
0197bb47e.jpg,880,123,937,224,9
0198ab92d.jpg,399,78,468,201,2
0198ab92d.jpg,468,78,537,201,2
0198ab92d.jpg,537,78,606,201,6
0198ab92d.jpg,606,78,675,201,3
019f42c2a.jpg,1139,95,1205,212,7
019f42c2a.jpg,1205,95,1271,212,0
019f42c2a.jpg,1271,95,1337,212,5
01afbfa7a.jpg,901,3,963,113,5
01afbfa7a.jpg,963,3,1025,113,5
01afbfa7a.jpg,1025,3,1087,113,2
01afbfa7a.jpg,1087,3,1149,113,0
01afbfa7a.jpg,1149,3,1211,113,9
01afbfa7a.jpg,1211,3,1273,113,5
01afbfa7a.jpg,1273,3,1335,113,7
01afbfa7a.jpg,1335,3,1397,113,7
01b043500.jpg,293,109,337,187,1
01b043500.jpg,337,109,381,187,1
01b043500.jpg,381,109,425,187,5
01b043500.jpg,425,109,469,187,3
01b043500.jpg,469,109,513,187,1
01b043500.jpg,513,109,557,187,1
01b043500.jpg,557,109,601,187,7
01b2163b7.jpg,25,123,78,217,7
01b2163b7.jpg,78,123,131,217,1
01b2163b7.jpg,131,123,184,217,0
01b2163b7.jpg,184,123,237,217,4
01b2163b7.jpg,237,123,290,217,2
01b237ab8.jpg,552,14,592,85,4
01b237ab8.jpg,592,14,632,85,4
01b237ab8.jpg,632,14,672,85,6
01b237ab8.jpg,672,14,712,85,2
01b237ab8.jpg,712,14,752,85,3
01b237ab8.jpg,752,14,792,85,1
01b237ab8.jpg,792,14,832,85,3
01b237ab8.jpg,832,14,872,85,4
01b47d973.jpg,522,40,574,132,3
01b47d973.jpg,574,40,626,132,5
01b47d973.jpg,626,40,678,132,2
01b47d973.jpg,678,40,730,132,9
01b50837f.jpg,439,116,481,191,0
01b50837f.jpg,481,116,523,191,4
01b50837f.jpg,523,116,565,191,9
01b50837f.jpg,565,116,607,191,1
01b50837f.jpg,607,116,649,191,3
01b6c2dc1.jpg,769,32,821,124,4
01b6c2dc1.jpg,821,32,873,124,1
01b6c2dc1.jpg,873,32,925,124,9
01b6c2dc1.jpg,925,32,977,124,6
01b6c2dc1.jpg,977,32,1029,124,2
01b6c2dc1.jpg,1029,32,1081,124,0
01c3ef286.jpg,78,18,140,128,9
01c3ef286.jpg,140,18,202,128,6
01c3ef286.jpg,202,18,264,128,7
01c3ef286.jpg,264,18,326,128,3
01c3ef286.jpg,326,18,388,128,9
01c3ef286.jpg,388,18,450,128,5
01cc31534.jpg,697,27,728,82,8
01cc31534.jpg,728,27,759,82,4
01cc31534.jpg,759,27,790,82,3
01cc31534.jpg,790,27,821,82,8
01cf446d4.jpg,763,18,820,119,5
01cf446d4.jpg,820,18,877,119,8
01cf446d4.jpg,877,18,934,119,0
01cfacf80.jpg,508,145,554,227,7
01cfacf80.jpg,554,145,600,227,5
01cfacf80.jpg,600,145,646,227,8
01cfacf80.jpg,646,145,692,227,2
01d590c5f.jpg,967,8,1035,129,5
01d590c5f.jpg,1035,8,1103,129,4
01d590c5f.jpg,1103,8,1171,129,1
01d590c5f.jpg,1171,8,1239,129,1
01d590c5f.jpg,1239,8,1307,129,5
01d590c5f.jpg,1307,8,1375,129,6
01d97b205.jpg,644,116,692,201,0
01d97b205.jpg,596,116,644,201,1
01db22c17.jpg,721,47,751,100,1
01db22c17.jpg,751,47,781,100,4
01db22c17.jpg,781,47,811,100,4
01df77e59.jpg,964,92,1025,200,0
01df77e59.jpg,1025,92,1086,200,1
01df77e59.jpg,1086,92,1147,200,6
01df77e59.jpg,1147,92,1208,200,4
01e020dc5.jpg,1063,53,1105,128,3
01e020dc5.jpg,1105,53,1147,128,5
01e020dc5.jpg,1147,53,1189,128,8
01e020dc5.jpg,1189,53,1231,128,9
01e020dc5.jpg,1231,53,1273,128,9
01e020dc5.jpg,1273,53,1315,128,5
01e020dc5.jpg,1315,53,1357,128,8
01e501f99.jpg,274,20,309,82,5
01e501f99.jpg,309,20,344,82,7
01e501f99.jpg,344,20,379,82,5
01e640f20.jpg,1361,0,1440,140,5
01e640f20.jpg,1440,0,1519,140,1
01e640f20.jpg,1519,0,1598,140,6
01e69cfc3.jpg,776,46,847,172,6
01e69cfc3.jpg,847,46,918,172,0
01e69cfc3.jpg,918,46,989,172,5
01e69cfc3.jpg,989,46,1060,172,4
01e69cfc3.jpg,1060,46,1131,172,0
01ebe0d32.jpg,442,113,518,248,2
01ebe0d32.jpg,518,113,594,248,9
01ebe0d32.jpg,594,113,670,248,5
01ebe0d32.jpg,670,113,746,248,7
01ebe0d32.jpg,746,113,822,248,4
01ebe0d32.jpg,822,113,898,248,0
01ebe0d32.jpg,898,113,974,248,8
01ebe0d32.jpg,974,113,1050,248,1
01fd320c9.jpg,383,39,462,179,3
01fd320c9.jpg,462,39,541,179,9
01fd320c9.jpg,541,39,620,179,4
01fd320c9.jpg,620,39,699,179,3
01fd320c9.jpg,699,39,778,179,1
01fd320c9.jpg,778,39,857,179,3
01fd320c9.jpg,857,39,936,179,7
01fd320c9.jpg,936,39,1015,179,8
01fd50e68.jpg,946,58,1014,179,7
01fd50e68.jpg,1014,58,1082,179,8
01fd50e68.jpg,1082,58,1150,179,4
01fd50e68.jpg,1150,58,1218,179,6
01fd50e68.jpg,1218,58,1286,179,6
01fd50e68.jpg,1286,58,1354,179,6
01fd50e68.jpg,1354,58,1422,179,2
020ff3106.jpg,962,30,999,96,3
020ff3106.jpg,999,30,1036,96,8
020ff3106.jpg,1036,30,1073,96,5
020ff3106.jpg,1073,30,1110,96,1
020ff3106.jpg,1110,30,1147,96,2
020ffb2d3.jpg,801,1,862,109,3
020ffb2d3.jpg,862,1,923,109,4
020ffb2d3.jpg,923,1,984,109,1
021656fe0.jpg,149,140,203,236,7
021656fe0.jpg,203,140,257,236,7
021656fe0.jpg,257,140,311,236,0
021656fe0.jpg,311,140,365,236,2
021656fe0.jpg,365,140,419,236,1
021656fe0.jpg,419,140,473,236,9
021656fe0.jpg,473,140,527,236,9
021656fe0.jpg,527,140,581,236,2
0217af9b1.jpg,52,112,121,235,6
0217af9b1.jpg,121,112,190,235,3
0217af9b1.jpg,190,112,259,235,3
0217af9b1.jpg,259,112,328,235,3
0217af9b1.jpg,328,112,397,235,5
0217af9b1.jpg,397,112,466,235,5
0217af9b1.jpg,466,112,535,235,0
0218c0fcc.jpg,48,13,126,152,7
0218c0fcc.jpg,126,13,204,152,5
0218c0fcc.jpg,204,13,282,152,0
0218c0fcc.jpg,282,13,360,152,6
0218c0fcc.jpg,360,13,438,152,0
0218c0fcc.jpg,438,13,516,152,1
0218c0fcc.jpg,516,13,594,152,0
0218c0fcc.jpg,594,13,672,152,3
02217a5cc.jpg,258,51,294,115,7
02217a5cc.jpg,294,51,330,115,8
02217a5cc.jpg,330,51,366,115,6
02217a5cc.jpg,366,51,402,115,0
02217a5cc.jpg,402,51,438,115,3
02217a5cc.jpg,438,51,474,115,7
02217a5cc.jpg,474,51,510,115,8
02217a5cc.jpg,510,51,546,115,6
0224561d0.jpg,870,163,907,229,0
0224561d0.jpg,907,163,944,229,1
0224561d0.jpg,944,163,981,229,6
0224561d0.jpg,981,163,1018,229,6
0224561d0.jpg,1018,163,1055,229,1
0224561d0.jpg,1055,163,1092,229,2
02291e913.jpg,164,118,238,250,4
02291e913.jpg,238,118,312,250,5
02291e913.jpg,312,118,386,250,7
02291e913.jpg,386,118,460,250,0
02291e913.jpg,460,118,534,250,5
023353d24.jpg,482,77,544,187,9
023353d24.jpg,544,77,606,187,3
023353d24.jpg,606,77,668,187,2
023353d24.jpg,668,77,730,187,3
023353d24.jpg,730,77,792,187,4
023353d24.jpg,792,77,854,187,1
023353d24.jpg,854,77,916,187,0
023a21cf2.jpg,269,41,341,169,2
023a21cf2.jpg,341,41,413,169,9
023a21cf2.jpg,413,41,485,169,4
023a21cf2.jpg,485,41,557,169,5
023a21cf2.jpg,557,41,629,169,5
02431211b.jpg,662,59,723,167,8
02431211b.jpg,723,59,784,167,5
02431211b.jpg,784,59,845,167,7
02449f836.jpg,716,103,749,162,8
02449f836.jpg,749,103,782,162,6
02449f836.jpg,782,103,815,162,9
02449f836.jpg,815,103,848,162,0
02449f836.jpg,848,103,881,162,6
02449f836.jpg,881,103,914,162,4
0246ad619.jpg,8,25,80,153,5
0246ad619.jpg,80,25,152,153,0
0246ad619.jpg,152,25,224,153,4
0246ad619.jpg,224,25,296,153,3
0246ad619.jpg,296,25,368,153,4
0246ad619.jpg,368,25,440,153,4
02538bec6.jpg,633,153,664,208,2
02538bec6.jpg,664,153,695,208,4
02538bec6.jpg,695,153,726,208,5
02538bec6.jpg,726,153,757,208,8
02538bec6.jpg,757,153,788,208,8
02538bec6.jpg,788,153,819,208,2
025cb9f6e.jpg,1018,70,1080,180,5
025cb9f6e.jpg,1080,70,1142,180,0
025cb9f6e.jpg,1142,70,1204,180,4
025cb9f6e.jpg,1204,70,1266,180,8
025cb9f6e.jpg,1266,70,1328,180,8
025cb9f6e.jpg,1328,70,1390,180,6
025cb9f6e.jpg,1390,70,1452,180,4
026105525.jpg,31,43,78,127,4
026105525.jpg,78,43,125,127,1
026105525.jpg,125,43,172,127,6
026105525.jpg,172,43,219,127,4
026105525.jpg,219,43,266,127,5
026105525.jpg,266,43,313,127,7
026105525.jpg,313,43,360,127,5
02662fd2f.jpg,488,51,560,179,5
02662fd2f.jpg,560,51,632,179,7
02662fd2f.jpg,632,51,704,179,9
02662fd2f.jpg,704,51,776,179,8
02662fd2f.jpg,776,51,848,179,7
02662fd2f.jpg,848,51,920,179,5
02701c239.jpg,1044,22,1113,145,9
02701c239.jpg,1113,22,1182,145,7
02701c239.jpg,1182,22,1251,145,7
02709b038.jpg,510,93,581,219,9
02709b038.jpg,581,93,652,219,8
02709b038.jpg,652,93,723,219,9
02709b038.jpg,723,93,794,219,0
02709b038.jpg,794,93,865,219,0
02709b038.jpg,865,93,936,219,3
02709b038.jpg,936,93,1007,219,3
0274a26b4.jpg,495,175,522,223,2
0274a26b4.jpg,522,175,549,223,6
0274a26b4.jpg,549,175,576,223,8
0274a26b4.jpg,576,175,603,223,4
0274a26b4.jpg,603,175,630,223,2
0274a26b4.jpg,630,175,657,223,3
02761e0d1.jpg,230,150,285,248,0
02761e0d1.jpg,285,150,340,248,4
02761e0d1.jpg,340,150,395,248,9
02761e0d1.jpg,395,150,450,248,6
02761e0d1.jpg,450,150,505,248,7
027b280f4.jpg,362,22,406,100,7
027b280f4.jpg,406,22,450,100,3
027b280f4.jpg,450,22,494,100,5
027b280f4.jpg,494,22,538,100,5
027b280f4.jpg,538,22,582,100,6
027b280f4.jpg,582,22,626,100,8
0281aba7b.jpg,358,65,404,147,9
0281aba7b.jpg,404,65,450,147,6
0281aba7b.jpg,450,65,496,147,4
0281aba7b.jpg,496,65,542,147,9
0281aba7b.jpg,542,65,588,147,2
0281aba7b.jpg,588,65,634,147,9
0285f63ad.jpg,478,25,523,105,3
0285f63ad.jpg,523,25,568,105,3
0285f63ad.jpg,568,25,613,105,9
028eb44d1.jpg,823,118,888,234,3
028eb44d1.jpg,888,118,953,234,0
028eb44d1.jpg,953,118,1018,234,3
028ed7768.jpg,875,72,906,127,2
028ed7768.jpg,906,72,937,127,3
028ed7768.jpg,937,72,968,127,8
028ed7768.jpg,968,72,999,127,6
0294f23c0.jpg,1091,80,1128,146,8
0294f23c0.jpg,1128,80,1165,146,5
0294f23c0.jpg,1165,80,1202,146,7
0294f23c0.jpg,1202,80,1239,146,0
029e85b9e.jpg,422,27,490,148,8
029e85b9e.jpg,490,27,558,148,8
029e85b9e.jpg,558,27,626,148,8
029e85b9e.jpg,626,27,694,148,2
029e85b9e.jpg,694,27,762,148,7
029e85b9e.jpg,762,27,830,148,0
02a2397e9.jpg,882,128,918,192,2
02a2397e9.jpg,918,128,954,192,8
02a2397e9.jpg,954,128,990,192,5
02a2397e9.jpg,990,128,1026,192,6
02a2397e9.jpg,1026,128,1062,192,6
02a2397e9.jpg,1062,128,1098,192,8
02a5c3ba0.jpg,294,131,346,223,5
02a5c3ba0.jpg,346,131,398,223,6
02a5c3ba0.jpg,398,131,450,223,8
02a5c3ba0.jpg,450,131,502,223,9
02a5c3ba0.jpg,502,131,554,223,0
02a5c3ba0.jpg,554,131,606,223,7
02a5c3ba0.jpg,606,131,658,223,8
02a5c3ba0.jpg,658,131,710,223,1
02a78fb18.jpg,944,177,983,246,4
02a78fb18.jpg,983,177,1022,246,2
02a78fb18.jpg,1022,177,1061,246,5
02aa62471.jpg,283,68,361,207,7
02aa62471.jpg,361,68,439,207,6
02aa62471.jpg,439,68,517,207,2
02aa62471.jpg,517,68,595,207,8
02aeac4e1.jpg,563,119,623,226,0
02aeac4e1.jpg,623,119,683,226,1
02aeac4e1.jpg,683,119,743,226,7
02b2cb5c3.jpg,1062,33,1139,170,3
02b2cb5c3.jpg,1139,33,1216,170,5
02b2cb5c3.jpg,1216,33,1293,170,1
02b2cb5c3.jpg,1293,33,1370,170,2
02b2cb5c3.jpg,1370,33,1447,170,8
02b2cb5c3.jpg,1447,33,1524,170,8
02b2d3aa4.jpg,610,51,658,136,6
02b2d3aa4.jpg,658,51,706,136,7
02b2d3aa4.jpg,706,51,754,136,4
02b2d3aa4.jpg,754,51,802,136,3
02b6b9f29.jpg,718,0,760,75,6
02b6b9f29.jpg,760,0,802,75,8
02b6b9f29.jpg,802,0,844,75,8
02b6b9f29.jpg,844,0,886,75,3
02b6b9f29.jpg,886,0,928,75,7
02b906933.jpg,1127,73,1163,137,3
02b906933.jpg,1163,73,1199,137,0
02b906933.jpg,1199,73,1235,137,2
02b906933.jpg,1235,73,1271,137,3
02b906933.jpg,1271,73,1307,137,0
02ba931ee.jpg,1055,129,1110,227,0
02ba931ee.jpg,1110,129,1165,227,4
02ba931ee.jpg,1165,129,1220,227,9
02ba931ee.jpg,1220,129,1275,227,7
02ba931ee.jpg,1275,129,1330,227,8
02ba931ee.jpg,1330,129,1385,227,7
02ba931ee.jpg,1385,129,1440,227,1
02bb80457.jpg,785,118,814,170,9
02bb80457.jpg,814,118,843,170,1
02bb80457.jpg,843,118,872,170,9
02bb80457.jpg,872,118,901,170,4
02bb80457.jpg,901,118,930,170,1
02bb80457.jpg,930,118,959,170,5
02bf279c9.jpg,587,138,623,202,4
02bf279c9.jpg,623,138,659,202,9
02bf279c9.jpg,659,138,695,202,1
02c4655ff.jpg,15,143,49,203,5
02c4655ff.jpg,49,143,83,203,8
02c4655ff.jpg,83,143,117,203,5
02c4655ff.jpg,117,143,151,203,7
02c4655ff.jpg,151,143,185,203,8
02c4655ff.jpg,185,143,219,203,2
02c4655ff.jpg,219,143,253,203,1
02c79bfcb.jpg,130,35,176,117,5
02c79bfcb.jpg,176,35,222,117,9
02c79bfcb.jpg,222,35,268,117,7
02c79bfcb.jpg,268,35,314,117,2
02c79bfcb.jpg,314,35,360,117,6
02c79bfcb.jpg,360,35,406,117,0
02c79bfcb.jpg,406,35,452,117,8
02c7f44d9.jpg,238,60,285,144,6
02c7f44d9.jpg,285,60,332,144,6
02c7f44d9.jpg,332,60,379,144,2
02c7f44d9.jpg,379,60,426,144,0
02c7f44d9.jpg,426,60,473,144,3
02d006f47.jpg,525,30,593,151,5
02d006f47.jpg,593,30,661,151,0
02d006f47.jpg,661,30,729,151,8
02d006f47.jpg,729,30,797,151,9
02d006f47.jpg,797,30,865,151,7
02d18b8a4.jpg,334,121,385,212,5
02d18b8a4.jpg,385,121,436,212,1
02d18b8a4.jpg,436,121,487,212,9
02d18b8a4.jpg,487,121,538,212,6
02d18b8a4.jpg,538,121,589,212,7
02d18b8a4.jpg,589,121,640,212,1
02d18b8a4.jpg,640,121,691,212,9
02d18b8a4.jpg,691,121,742,212,7
02d3ca489.jpg,149,22,216,141,3
02d3ca489.jpg,216,22,283,141,6
02d3ca489.jpg,283,22,350,141,9
02d573611.jpg,0,51,34,111,0
02d573611.jpg,34,51,68,111,7
02d573611.jpg,68,51,102,111,8
02d573611.jpg,102,51,136,111,4
02d963811.jpg,338,31,414,166,8
02d963811.jpg,414,31,490,166,0
02d963811.jpg,490,31,566,166,8
02d963811.jpg,566,31,642,166,2
02d963811.jpg,642,31,718,166,8
02d963811.jpg,718,31,794,166,1
02ea1d0e8.jpg,538,90,602,204,0
02ea1d0e8.jpg,602,90,666,204,8
02ea1d0e8.jpg,666,90,730,204,1
030336aa4.jpg,422,135,486,249,4
030336aa4.jpg,486,135,550,249,2
030336aa4.jpg,550,135,614,249,8
030336aa4.jpg,614,135,678,249,3
030336aa4.jpg,678,135,742,249,9
030336aa4.jpg,742,135,806,249,2
030336aa4.jpg,806,135,870,249,5
03098160c.jpg,998,108,1072,240,9
03098160c.jpg,1072,108,1146,240,2
03098160c.jpg,1146,108,1220,240,5
03098160c.jpg,1220,108,1294,240,1
03098160c.jpg,1294,108,1368,240,3
031179c6e.jpg,99,60,163,174,8
031179c6e.jpg,163,60,227,174,3
031179c6e.jpg,227,60,291,174,2
0312942d7.jpg,1068,70,1112,148,9
0312942d7.jpg,1112,70,1156,148,8
0312942d7.jpg,1156,70,1200,148,4
0312942d7.jpg,1200,70,1244,148,0
0312942d7.jpg,1244,70,1288,148,4
0312942d7.jpg,1288,70,1332,148,1
0312942d7.jpg,1332,70,1376,148,9
0312942d7.jpg,1376,70,1420,148,8
031614d60.jpg,1338,78,1378,149,2
031614d60.jpg,1378,78,1418,149,5
031614d60.jpg,1418,78,1458,149,3
031614d60.jpg,1458,78,1498,149,2
031627893.jpg,585,42,660,175,4
031627893.jpg,660,42,735,175,3
031627893.jpg,735,42,810,175,4
031627893.jpg,810,42,885,175,8
031627893.jpg,885,42,960,175,6
031627893.jpg,960,42,1035,175,4
031f334ec.jpg,760,119,825,235,2
031f334ec.jpg,825,119,890,235,8
031f334ec.jpg,890,119,955,235,4
031f334ec.jpg,955,119,1020,235,0
031f334ec.jpg,1020,119,1085,235,7
031f334ec.jpg,1085,119,1150,235,2
031f334ec.jpg,1150,119,1215,235,1
031f334ec.jpg,1215,119,1280,235,0
031fc45b5.jpg,442,96,476,156,3
031fc45b5.jpg,476,96,510,156,2
031fc45b5.jpg,510,96,544,156,6
031fc45b5.jpg,544,96,578,156,5
03216ed91.jpg,41,137,93,229,4
03216ed91.jpg,93,137,145,229,3
03216ed91.jpg,145,137,197,229,5
03216ed91.jpg,197,137,249,229,9
03216ed91.jpg,249,137,301,229,3
03216ed91.jpg,301,137,353,229,3
032def1ac.jpg,189,126,247,229,5
032def1ac.jpg,247,126,305,229,3
032def1ac.jpg,305,126,363,229,2
032def1ac.jpg,363,126,421,229,4
0331f9050.jpg,111,98,171,205,2
0331f9050.jpg,171,98,231,205,0
0331f9050.jpg,231,98,291,205,8
03320bbea.jpg,112,56,158,138,0
03320bbea.jpg,158,56,204,138,2
03320bbea.jpg,204,56,250,138,4
03320bbea.jpg,250,56,296,138,7
03320bbea.jpg,296,56,342,138,3
03395a3da.jpg,656,41,722,158,9
03395a3da.jpg,722,41,788,158,0
03395a3da.jpg,788,41,854,158,5
03395a3da.jpg,854,41,920,158,6
03395a3da.jpg,920,41,986,158,9
03395a3da.jpg,986,41,1052,158,7
03395a3da.jpg,1052,41,1118,158,9
034941f9d.jpg,814,60,894,202,2
034941f9d.jpg,894,60,974,202,9
034941f9d.jpg,974,60,1054,202,0
034941f9d.jpg,1054,60,1134,202,6
034941f9d.jpg,1134,60,1214,202,1
034941f9d.jpg,1214,60,1294,202,4
034941f9d.jpg,1294,60,1374,202,7
034a72783.jpg,1114,93,1162,178,7
034a72783.jpg,1162,93,1210,178,0
034a72783.jpg,1210,93,1258,178,7
034a72783.jpg,1258,93,1306,178,7
034a72783.jpg,1306,93,1354,178,4
034b387c3.jpg,99,62,149,151,5
034b387c3.jpg,149,62,199,151,6
034b387c3.jpg,199,62,249,151,1
034e64ff3.jpg,451,41,529,180,1
034e64ff3.jpg,529,41,607,180,4
034e64ff3.jpg,607,41,685,180,9
034e64ff3.jpg,685,41,763,180,4
034e64ff3.jpg,763,41,841,180,1
034e64ff3.jpg,841,41,919,180,7
034e64ff3.jpg,919,41,997,180,5
034e64ff3.jpg,997,41,1075,180,1
035021da2.jpg,624,63,690,180,4
035021da2.jpg,690,63,756,180,7
035021da2.jpg,756,63,822,180,2
03542d83e.jpg,367,79,444,216,3
03542d83e.jpg,444,79,521,216,4
03542d83e.jpg,521,79,598,216,1
03542d83e.jpg,598,79,675,216,0
0358eaf5b.jpg,689,77,741,169,8
0358eaf5b.jpg,741,77,793,169,3
0358eaf5b.jpg,793,77,845,169,7
0360edfb8.jpg,1018,17,1076,120,1
0360edfb8.jpg,1076,17,1134,120,7
0360edfb8.jpg,1134,17,1192,120,7
0360edfb8.jpg,1192,17,1250,120,7
0360edfb8.jpg,1250,17,1308,120,3
036505ca3.jpg,517,50,549,107,7
036505ca3.jpg,549,50,581,107,8
036505ca3.jpg,581,50,613,107,6
036c4e5d2.jpg,530,5,573,81,9
036c4e5d2.jpg,573,5,616,81,2
036c4e5d2.jpg,616,5,659,81,7
036c7d18c.jpg,887,82,922,144,1
036c7d18c.jpg,922,82,957,144,6
036c7d18c.jpg,957,82,992,144,5
036c7d18c.jpg,992,82,1027,144,2
036c7d18c.jpg,1027,82,1062,144,1
036c7d18c.jpg,1062,82,1097,144,5
036ce687a.jpg,959,90,994,152,0
036ce687a.jpg,994,90,1029,152,5
036ce687a.jpg,1029,90,1064,152,9
036ce687a.jpg,1064,90,1099,152,2
036f40a1f.jpg,362,23,405,99,7
036f40a1f.jpg,405,23,448,99,2
036f40a1f.jpg,448,23,491,99,9
036f40a1f.jpg,491,23,534,99,0
036f40a1f.jpg,534,23,577,99,2
036f40a1f.jpg,577,23,620,99,5
036f40a1f.jpg,620,23,663,99,7
036f40a1f.jpg,663,23,706,99,5
037037088.jpg,497,69,547,158,5
037037088.jpg,547,69,597,158,0
037037088.jpg,597,69,647,158,7
037037088.jpg,647,69,697,158,2
037037088.jpg,697,69,747,158,4
037037088.jpg,747,69,797,158,0
037887e11.jpg,916,54,974,157,1
037887e11.jpg,974,54,1032,157,6
037887e11.jpg,1032,54,1090,157,8
037887e11.jpg,1090,54,1148,157,7
037887e11.jpg,1148,54,1206,157,2
037887e11.jpg,1206,54,1264,157,0
037887e11.jpg,1264,54,1322,157,9
03860f6a9.jpg,1136,141,1170,201,6
03860f6a9.jpg,1170,141,1204,201,0
03860f6a9.jpg,1204,141,1238,201,2
03860f6a9.jpg,1238,141,1272,201,5
03860f6a9.jpg,1272,141,1306,201,9
03860f6a9.jpg,1306,141,1340,201,1
03860f6a9.jpg,1340,141,1374,201,3
03860f6a9.jpg,1374,141,1408,201,7
038682ebd.jpg,559,81,596,147,7
038682ebd.jpg,596,81,633,147,3
038682ebd.jpg,633,81,670,147,0
038682ebd.jpg,670,81,707,147,7
038682ebd.jpg,707,81,744,147,9
0386ce84b.jpg,750,113,816,230,8
0386ce84b.jpg,816,113,882,230,4
0386ce84b.jpg,882,113,948,230,0
0386ce84b.jpg,948,113,1014,230,2
0386ce84b.jpg,1014,113,1080,230,5
0386ce84b.jpg,1080,113,1146,230,8
0386ce84b.jpg,1146,113,1212,230,7
038c59253.jpg,909,72,989,214,2
038c59253.jpg,989,72,1069,214,9
038c59253.jpg,1069,72,1149,214,8
038c59253.jpg,1149,72,1229,214,7
038c59253.jpg,1229,72,1309,214,1
038c59253.jpg,1309,72,1389,214,7
038c9fdad.jpg,1061,63,1115,159,0
038c9fdad.jpg,1115,63,1169,159,7
038c9fdad.jpg,1169,63,1223,159,4
038c9fdad.jpg,1223,63,1277,159,9
038f14456.jpg,340,126,400,233,1
038f14456.jpg,400,126,460,233,0
038f14456.jpg,460,126,520,233,8
038f14456.jpg,520,126,580,233,5
038f14456.jpg,580,126,640,233,9
038f14456.jpg,640,126,700,233,8
038f14456.jpg,700,126,760,233,8
038f464cd.jpg,1147,65,1191,143,9
038f464cd.jpg,1191,65,1235,143,3
038f464cd.jpg,1235,65,1279,143,5
038f464cd.jpg,1279,65,1323,143,2
038f464cd.jpg,1323,65,1367,143,3
038f464cd.jpg,1367,65,1411,143,2
038f464cd.jpg,1411,65,1455,143,9
038f464cd.jpg,1455,65,1499,143,2
0391d44d6.jpg,337,19,411,151,2
0391d44d6.jpg,411,19,485,151,7
0391d44d6.jpg,485,19,559,151,5
0391d44d6.jpg,559,19,633,151,5
0391d44d6.jpg,633,19,707,151,5
0391d44d6.jpg,707,19,781,151,3
0391d44d6.jpg,781,19,855,151,5
0394ff5b6.jpg,1170,113,1228,216,3
0394ff5b6.jpg,1228,113,1286,216,5
0394ff5b6.jpg,1286,113,1344,216,2
0394ff5b6.jpg,1344,113,1402,216,8
0394ff5b6.jpg,1402,113,1460,216,2
039577d49.jpg,396,39,443,123,0
039577d49.jpg,443,39,490,123,9
039577d49.jpg,490,39,537,123,2
0399d7c46.jpg,660,76,688,126,8
0399d7c46.jpg,688,76,716,126,6
0399d7c46.jpg,716,76,744,126,1
039a71736.jpg,796,22,866,146,7
039a71736.jpg,866,22,936,146,7
039a71736.jpg,936,22,1006,146,2
03af7f0c0.jpg,39,6,115,141,5
03af7f0c0.jpg,115,6,191,141,8
03af7f0c0.jpg,191,6,267,141,7
03af7f0c0.jpg,267,6,343,141,7
03af7f0c0.jpg,343,6,419,141,4
03af7f0c0.jpg,419,6,495,141,9
03af7f0c0.jpg,495,6,571,141,3
03af7f0c0.jpg,571,6,647,141,0
03b3b06e1.jpg,1449,37,1497,122,1
03b3b06e1.jpg,1497,37,1545,122,7
03b3b06e1.jpg,1545,37,1593,122,7
03ba7286b.jpg,1143,98,1180,164,3
03ba7286b.jpg,1180,98,1217,164,9
03ba7286b.jpg,1217,98,1254,164,0
03be9b5e9.jpg,738,34,804,151,4
03be9b5e9.jpg,804,34,870,151,1
03be9b5e9.jpg,870,34,936,151,4
03be9b5e9.jpg,936,34,1002,151,6
03be9b5e9.jpg,1002,34,1068,151,6
03be9b5e9.jpg,1068,34,1134,151,5
03c558103.jpg,775,129,832,230,6
03c558103.jpg,832,129,889,230,7
03c558103.jpg,889,129,946,230,7
03c558103.jpg,946,129,1003,230,2
03c558103.jpg,1003,129,1060,230,6
03c558103.jpg,1060,129,1117,230,5
03db6bbc3.jpg,52,43,87,105,3
03db6bbc3.jpg,87,43,122,105,4
03db6bbc3.jpg,122,43,157,105,3
03db6bbc3.jpg,157,43,192,105,9
03dd1a693.jpg,28,151,70,226,9
03dd1a693.jpg,70,151,112,226,5
03dd1a693.jpg,112,151,154,226,6
03e2515a7.jpg,910,1,990,143,5
03e2515a7.jpg,990,1,1070,143,6
03e2515a7.jpg,1070,1,1150,143,5
03e2515a7.jpg,1150,1,1230,143,7
03ef260a6.jpg,298,141,332,201,2
03ef260a6.jpg,332,141,366,201,6
03ef260a6.jpg,366,141,400,201,6
03ef260a6.jpg,400,141,434,201,6
03ef260a6.jpg,434,141,468,201,9
03ef260a6.jpg,468,141,502,201,8
03ef260a6.jpg,502,141,536,201,3
03f99a07c.jpg,91,83,157,200,4
03f99a07c.jpg,157,83,223,200,8
03f99a07c.jpg,223,83,289,200,2
03fc8e099.jpg,259,1,305,83,3
03fc8e099.jpg,305,1,351,83,9
03fc8e099.jpg,351,1,397,83,3
04013582c.jpg,8,53,57,140,5
04013582c.jpg,57,53,106,140,1
04013582c.jpg,106,53,155,140,2
04013582c.jpg,155,53,204,140,4
04013582c.jpg,204,53,253,140,1
04013582c.jpg,253,53,302,140,4
0401d67aa.jpg,669,148,726,249,3
0401d67aa.jpg,726,148,783,249,1
0401d67aa.jpg,783,148,840,249,6
0401d67aa.jpg,840,148,897,249,8
0401d67aa.jpg,897,148,954,249,1
0401d67aa.jpg,954,148,1011,249,4
0401d67aa.jpg,1011,148,1068,249,0
0401d67aa.jpg,1068,148,1125,249,5
04055fd3e.jpg,246,101,294,186,3
04055fd3e.jpg,294,101,342,186,4
04055fd3e.jpg,342,101,390,186,4
04055fd3e.jpg,390,101,438,186,9
04055fd3e.jpg,438,101,486,186,9
04072b39a.jpg,347,96,416,219,0
04072b39a.jpg,416,96,485,219,8
04072b39a.jpg,485,96,554,219,7
040f8e738.jpg,785,77,850,193,2
040f8e738.jpg,850,77,915,193,0
040f8e738.jpg,915,77,980,193,2
041187764.jpg,188,96,269,240,2
041187764.jpg,269,96,350,240,3
041187764.jpg,350,96,431,240,0
041187764.jpg,431,96,512,240,7
0412d61ae.jpg,1392,123,1422,176,0
0412d61ae.jpg,1422,123,1452,176,7
0412d61ae.jpg,1452,123,1482,176,9
041a93b6d.jpg,672,88,736,202,0
041a93b6d.jpg,736,88,800,202,6
041a93b6d.jpg,800,88,864,202,5
041a93b6d.jpg,864,88,928,202,1
041a93b6d.jpg,928,88,992,202,9
041a93b6d.jpg,992,88,1056,202,4
041a93b6d.jpg,1056,88,1120,202,5
04238d7e3.jpg,927,126,973,208,8
04238d7e3.jpg,973,126,1019,208,9
04238d7e3.jpg,1019,126,1065,208,1
04238d7e3.jpg,1065,126,1111,208,3
04238d7e3.jpg,1111,126,1157,208,0
04238d7e3.jpg,1157,126,1203,208,2
04238d7e3.jpg,1203,126,1249,208,4
042691991.jpg,700,11,745,91,7
042691991.jpg,745,11,790,91,6
042691991.jpg,790,11,835,91,8
0429258ad.jpg,468,143,505,209,9
0429258ad.jpg,505,143,542,209,7
0429258ad.jpg,542,143,579,209,4
0429258ad.jpg,579,143,616,209,1
043644842.jpg,695,46,774,186,0
043644842.jpg,774,46,853,186,8
043644842.jpg,853,46,932,186,7
044700866.jpg,330,91,361,146,7
044700866.jpg,361,91,392,146,3
044700866.jpg,392,91,423,146,8
044700866.jpg,423,91,454,146,6
044700866.jpg,454,91,485,146,0
044700866.jpg,485,91,516,146,1
04505c6df.jpg,1092,109,1122,162,7
04505c6df.jpg,1122,109,1152,162,5
04505c6df.jpg,1152,109,1182,162,5
04505c6df.jpg,1182,109,1212,162,3
04594d04e.jpg,1214,47,1246,104,4
04594d04e.jpg,1246,47,1278,104,9
04594d04e.jpg,1278,47,1310,104,1
0460c2d67.jpg,1126,25,1153,73,6
0460c2d67.jpg,1153,25,1180,73,6
0460c2d67.jpg,1180,25,1207,73,3
0460c2d67.jpg,1207,25,1234,73,5
0460c2d67.jpg,1234,25,1261,73,3
0460c2d67.jpg,1261,25,1288,73,9
0460c2d67.jpg,1288,25,1315,73,4
0460c2d67.jpg,1315,25,1342,73,3
046282f58.jpg,234,102,279,182,4
046282f58.jpg,279,102,324,182,6
046282f58.jpg,324,102,369,182,9
046282f58.jpg,369,102,414,182,4
04636749a.jpg,39,72,84,152,2
04636749a.jpg,84,72,129,152,5
04636749a.jpg,129,72,174,152,9
04636749a.jpg,174,72,219,152,1
046c35525.jpg,563,25,629,142,8
046c35525.jpg,629,25,695,142,2
046c35525.jpg,695,25,761,142,2
046c35525.jpg,761,25,827,142,9
046c35525.jpg,827,25,893,142,8
046c35525.jpg,893,25,959,142,7
04709f4ef.jpg,580,56,629,143,5
04709f4ef.jpg,629,56,678,143,7
04709f4ef.jpg,678,56,727,143,8
0473a80ee.jpg,1278,81,1344,198,9
0473a80ee.jpg,1344,81,1410,198,5
0473a80ee.jpg,1410,81,1476,198,5
0473a80ee.jpg,1476,81,1542,198,1
047681252.jpg,393,21,469,156,4
047681252.jpg,469,21,545,156,4
047681252.jpg,545,21,621,156,3
047681252.jpg,621,21,697,156,6
047fa15d0.jpg,27,0,68,73,8
047fa15d0.jpg,68,0,109,73,9
047fa15d0.jpg,109,0,150,73,4
04802a6c2.jpg,487,82,566,222,5
04802a6c2.jpg,566,82,645,222,2
04802a6c2.jpg,645,82,724,222,4
04802a6c2.jpg,724,82,803,222,3
04802a6c2.jpg,803,82,882,222,5
04802a6c2.jpg,882,82,961,222,2
04802a6c2.jpg,961,82,1040,222,9
0482ee1d6.jpg,69,14,147,153,6
0482ee1d6.jpg,147,14,225,153,6
0482ee1d6.jpg,225,14,303,153,7
0482ee1d6.jpg,303,14,381,153,5
0482ee1d6.jpg,381,14,459,153,9
0482ee1d6.jpg,459,14,537,153,2
0482ee1d6.jpg,537,14,615,153,1
0483ecae0.jpg,152,88,227,221,8
0483ecae0.jpg,227,88,302,221,0
0483ecae0.jpg,302,88,377,221,0
0489a64d7.jpg,138,31,183,111,9
0489a64d7.jpg,183,31,228,111,4
0489a64d7.jpg,228,31,273,111,1
048d14d3f.jpg,943,63,1019,198,4
048d14d3f.jpg,1019,63,1095,198,6
048d14d3f.jpg,1095,63,1171,198,8
048d14d3f.jpg,1171,63,1247,198,1
048e8f015.jpg,509,72,584,205,5
048e8f015.jpg,584,72,659,205,0
048e8f015.jpg,659,72,734,205,0
048e8f015.jpg,734,72,809,205,1
048e8f015.jpg,809,72,884,205,1
048e8f015.jpg,884,72,959,205,4
048e8f015.jpg,959,72,1034,205,3
048e8f015.jpg,1034,72,1109,205,0
04985b2a8.jpg,937,101,1009,229,6
04985b2a8.jpg,1009,101,1081,229,8
04985b2a8.jpg,1081,101,1153,229,3
04985b2a8.jpg,1153,101,1225,229,6
0498abd18.jpg,250,124,292,199,9
0498abd18.jpg,292,124,334,199,8
0498abd18.jpg,334,124,376,199,2
049bad998.jpg,869,11,949,153,9
049bad998.jpg,949,11,1029,153,6
049bad998.jpg,1029,11,1109,153,7
049bad998.jpg,1109,11,1189,153,8
049bad998.jpg,1189,11,1269,153,5
049fb17a1.jpg,1001,110,1075,242,4
049fb17a1.jpg,1075,110,1149,242,1
049fb17a1.jpg,1149,110,1223,242,7
049fb17a1.jpg,1223,110,1297,242,6
049fb17a1.jpg,1297,110,1371,242,6
049fb17a1.jpg,1371,110,1445,242,8
04a06d744.jpg,770,54,827,155,0
04a06d744.jpg,827,54,884,155,6
04a06d744.jpg,884,54,941,155,3
04a06d744.jpg,941,54,998,155,0
04a06d744.jpg,998,54,1055,155,3
04a4777e9.jpg,1243,128,1276,187,5
04a4777e9.jpg,1276,128,1309,187,4
04a4777e9.jpg,1309,128,1342,187,8
04a5009fa.jpg,100,74,169,197,6
04a5009fa.jpg,169,74,238,197,2
04a5009fa.jpg,238,74,307,197,7
04a5009fa.jpg,307,74,376,197,6
04a5d5763.jpg,1123,122,1154,177,7
04a5d5763.jpg,1154,122,1185,177,5
04a5d5763.jpg,1185,122,1216,177,9
04a5d5763.jpg,1216,122,1247,177,9
04ac89bbc.jpg,1037,154,1087,243,3
04ac89bbc.jpg,1087,154,1137,243,3
04ac89bbc.jpg,1137,154,1187,243,6
04ac89bbc.jpg,1187,154,1237,243,3
04add8f93.jpg,159,42,187,92,1
04add8f93.jpg,187,42,215,92,4
04add8f93.jpg,215,42,243,92,7
04add8f93.jpg,243,42,271,92,3
04add8f93.jpg,271,42,299,92,1
04b0f819d.jpg,826,78,882,178,4
04b0f819d.jpg,882,78,938,178,5
04b0f819d.jpg,938,78,994,178,3
04b0f819d.jpg,994,78,1050,178,3
04b0f819d.jpg,1050,78,1106,178,0
04b0f819d.jpg,1106,78,1162,178,0
04b0f819d.jpg,1162,78,1218,178,8
04b0f819d.jpg,1218,78,1274,178,1
04bb7b026.jpg,675,119,745,243,0
04bb7b026.jpg,745,119,815,243,7
04bb7b026.jpg,815,119,885,243,8
04c3aade7.jpg,805,176,833,226,9
04c3aade7.jpg,833,176,861,226,5
04c3aade7.jpg,861,176,889,226,4
04c3aade7.jpg,889,176,917,226,7
04c3aade7.jpg,917,176,945,226,0
04cc40fce.jpg,964,190,995,245,3
04cc40fce.jpg,995,190,1026,245,1
04cc40fce.jpg,1026,190,1057,245,6
04cc40fce.jpg,1057,190,1088,245,6
04cc40fce.jpg,1088,190,1119,245,1
04d3453a4.jpg,49,48,92,124,2
04d3453a4.jpg,92,48,135,124,9
04d3453a4.jpg,135,48,178,124,5
04d3453a4.jpg,178,48,221,124,1
04d3453a4.jpg,221,48,264,124,6
04d3453a4.jpg,264,48,307,124,6
04d3453a4.jpg,307,48,350,124,1
04d3453a4.jpg,350,48,393,124,1
04d49c95d.jpg,282,100,322,171,6
04d49c95d.jpg,322,100,362,171,2
04d49c95d.jpg,362,100,402,171,2
04d49c95d.jpg,402,100,442,171,6
04d527562.jpg,612,51,683,177,5
04d527562.jpg,683,51,754,177,8
04d527562.jpg,754,51,825,177,4
04e15fdc1.jpg,286,41,365,181,5
04e15fdc1.jpg,365,41,444,181,2
04e15fdc1.jpg,444,41,523,181,4
04e15fdc1.jpg,523,41,602,181,2
04e15fdc1.jpg,602,41,681,181,5
04e15fdc1.jpg,681,41,760,181,6
04e15fdc1.jpg,760,41,839,181,5
04e15fdc1.jpg,839,41,918,181,6
04e23e414.jpg,479,116,527,201,7
04e23e414.jpg,527,116,575,201,5
04e23e414.jpg,575,116,623,201,8
04e23e414.jpg,623,116,671,201,5
04e23e414.jpg,671,116,719,201,9
04e23e414.jpg,719,116,767,201,0
04e73b12f.jpg,1243,81,1276,140,5
04e73b12f.jpg,1276,81,1309,140,3
04e73b12f.jpg,1309,81,1342,140,3
04e73b12f.jpg,1342,81,1375,140,9
04e73b12f.jpg,1375,81,1408,140,7
04e73b12f.jpg,1408,81,1441,140,5
04e73b12f.jpg,1441,81,1474,140,6
04fa19d59.jpg,347,25,409,135,1
04fa19d59.jpg,409,25,471,135,1
04fa19d59.jpg,471,25,533,135,2
04fa19d59.jpg,533,25,595,135,8
04fa19d59.jpg,595,25,657,135,7
04fa19d59.jpg,657,25,719,135,0
04fa19d59.jpg,719,25,781,135,7
04fa19d59.jpg,781,25,843,135,1
050edacec.jpg,1076,65,1123,149,2
050edacec.jpg,1123,65,1170,149,8
050edacec.jpg,1170,65,1217,149,4
050edacec.jpg,1217,65,1264,149,2
050edacec.jpg,1264,65,1311,149,4
050edacec.jpg,1311,65,1358,149,2
05118ab76.jpg,622,41,677,139,2
05118ab76.jpg,677,41,732,139,5
05118ab76.jpg,732,41,787,139,5
05118ab76.jpg,787,41,842,139,1
05118ab76.jpg,842,41,897,139,5
05118ab76.jpg,897,41,952,139,9
0514d0f42.jpg,122,72,163,145,8
0514d0f42.jpg,163,72,204,145,7
0514d0f42.jpg,204,72,245,145,8
0514d0f42.jpg,245,72,286,145,1
0514d0f42.jpg,286,72,327,145,9
0514d0f42.jpg,327,72,368,145,5
0514d0f42.jpg,368,72,409,145,5
05172e316.jpg,838,121,873,183,1
05172e316.jpg,873,121,908,183,8
05172e316.jpg,908,121,943,183,4
05172e316.jpg,943,121,978,183,1
05172e316.jpg,978,121,1013,183,5
05172e316.jpg,1013,121,1048,183,2
05184e71b.jpg,1107,19,1143,83,9
05184e71b.jpg,1143,19,1179,83,6
05184e71b.jpg,1179,19,1215,83,5
05184e71b.jpg,1215,19,1251,83,6
05184e71b.jpg,1251,19,1287,83,2
0518e79e9.jpg,1024,171,1058,231,0
0518e79e9.jpg,1058,171,1092,231,4
0518e79e9.jpg,1092,171,1126,231,2
0518e79e9.jpg,1126,171,1160,231,2
0518e79e9.jpg,1160,171,1194,231,5
0518e79e9.jpg,1194,171,1228,231,5
0518e79e9.jpg,1228,171,1262,231,0
0518e79e9.jpg,1262,171,1296,231,3
0519989b3.jpg,20,112,91,238,9
0519989b3.jpg,91,112,162,238,4
0519989b3.jpg,162,112,233,238,2
0519989b3.jpg,233,112,304,238,7
0519989b3.jpg,304,112,375,238,5
051f0d825.jpg,1260,39,1304,117,0
051f0d825.jpg,1304,39,1348,117,2
051f0d825.jpg,1348,39,1392,117,5
051f0d825.jpg,1392,39,1436,117,4
0526d780c.jpg,582,176,623,249,2
0526d780c.jpg,623,176,664,249,8
0526d780c.jpg,664,176,705,249,0
0526d780c.jpg,705,176,746,249,6
0526d780c.jpg,746,176,787,249,1
0526d780c.jpg,787,176,828,249,0
0526d780c.jpg,828,176,869,249,9
0526d780c.jpg,869,176,910,249,2
052838084.jpg,180,47,229,134,1
052838084.jpg,229,47,278,134,0
052838084.jpg,278,47,327,134,0
05288f642.jpg,750,7,799,94,0
05288f642.jpg,799,7,848,94,9
05288f642.jpg,848,7,897,94,4
05288f642.jpg,897,7,946,94,4
05288f642.jpg,946,7,995,94,2
05288f642.jpg,995,7,1044,94,0
05288f642.jpg,1044,7,1093,94,2
05288f642.jpg,1093,7,1142,94,2
052ac9a54.jpg,1304,41,1333,93,2
052ac9a54.jpg,1333,41,1362,93,5
052ac9a54.jpg,1362,41,1391,93,6
052cc2a0f.jpg,1135,52,1171,116,9
052cc2a0f.jpg,1171,52,1207,116,9
052cc2a0f.jpg,1207,52,1243,116,9
052cc2a0f.jpg,1243,52,1279,116,0
0534f1b45.jpg,163,29,241,168,4
0534f1b45.jpg,241,29,319,168,4
0534f1b45.jpg,319,29,397,168,9
0534f1b45.jpg,397,29,475,168,0
05396b495.jpg,86,116,154,237,3
05396b495.jpg,154,116,222,237,7
05396b495.jpg,222,116,290,237,1
053bf4b5f.jpg,1227,127,1291,241,1
053bf4b5f.jpg,1291,127,1355,241,4
053bf4b5f.jpg,1355,127,1419,241,1
054190eb2.jpg,1212,129,1254,204,4
054190eb2.jpg,1254,129,1296,204,4
054190eb2.jpg,1296,129,1338,204,7
054190eb2.jpg,1338,129,1380,204,8
054190eb2.jpg,1380,129,1422,204,3
054190eb2.jpg,1422,129,1464,204,8
054190eb2.jpg,1464,129,1506,204,2
054190eb2.jpg,1506,129,1548,204,5
05431e2d2.jpg,212,27,240,77,4
05431e2d2.jpg,240,27,268,77,9
05431e2d2.jpg,268,27,296,77,5
05431e2d2.jpg,296,27,324,77,7
05431e2d2.jpg,324,27,352,77,7
05431e2d2.jpg,352,27,380,77,8
05431e2d2.jpg,380,27,408,77,3
0549ad8ba.jpg,270,7,331,115,0
0549ad8ba.jpg,331,7,392,115,6
0549ad8ba.jpg,392,7,453,115,1
054d1650d.jpg,1120,152,1178,255,4
054d1650d.jpg,1178,152,1236,255,5
054d1650d.jpg,1236,152,1294,255,3
054d1650d.jpg,1294,152,1352,255,2
054d1650d.jpg,1352,152,1410,255,7
054d1650d.jpg,1410,152,1468,255,4
054fad516.jpg,301,134,353,226,0
054fad516.jpg,353,134,405,226,8
054fad516.jpg,405,134,457,226,5
054fad516.jpg,457,134,509,226,7
054fad516.jpg,509,134,561,226,5
05554c6d9.jpg,446,12,505,117,9
05554c6d9.jpg,505,12,564,117,6
05554c6d9.jpg,564,12,623,117,3
055ea67b0.jpg,508,167,555,251,7
055ea67b0.jpg,555,167,602,251,7
055ea67b0.jpg,602,167,649,251,0
055ea67b0.jpg,649,167,696,251,9
055ea67b0.jpg,696,167,743,251,3
05646491c.jpg,871,133,914,209,6
05646491c.jpg,914,133,957,209,0
05646491c.jpg,957,133,1000,209,7
056c957b5.jpg,159,94,194,156,8
056c957b5.jpg,194,94,229,156,1
056c957b5.jpg,229,94,264,156,9
056c957b5.jpg,264,94,299,156,0
056e34021.jpg,1114,61,1195,205,3
056e34021.jpg,1195,61,1276,205,0
056e34021.jpg,1276,61,1357,205,7
057753630.jpg,414,61,448,121,8
057753630.jpg,448,61,482,121,0
057753630.jpg,482,61,516,121,0
057753630.jpg,516,61,550,121,2
057753630.jpg,550,61,584,121,5
0582ac66c.jpg,359,88,421,198,0
0582ac66c.jpg,421,88,483,198,6
0582ac66c.jpg,483,88,545,198,9
0582ac66c.jpg,545,88,607,198,3
0582ac66c.jpg,607,88,669,198,7
0582ac66c.jpg,669,88,731,198,5
0582ac66c.jpg,731,88,793,198,0
05877f855.jpg,857,109,913,209,6
05877f855.jpg,913,109,969,209,0
05877f855.jpg,969,109,1025,209,8
05877f855.jpg,1025,109,1081,209,3
058aa1478.jpg,1016,166,1056,237,9
058aa1478.jpg,1056,166,1096,237,4
058aa1478.jpg,1096,166,1136,237,7
058aa1478.jpg,1136,166,1176,237,3
058f6a9c6.jpg,406,164,435,216,3
058f6a9c6.jpg,435,164,464,216,7
058f6a9c6.jpg,464,164,493,216,1
059000a4f.jpg,370,126,440,250,4
059000a4f.jpg,440,126,510,250,5
059000a4f.jpg,510,126,580,250,5
059000a4f.jpg,580,126,650,250,2
059000a4f.jpg,650,126,720,250,8
059000a4f.jpg,720,126,790,250,2
059000a4f.jpg,790,126,860,250,1
059000a4f.jpg,860,126,930,250,8
05931810f.jpg,45,5,110,121,2
05931810f.jpg,110,5,175,121,7
05931810f.jpg,175,5,240,121,0
05931810f.jpg,240,5,305,121,8
05931810f.jpg,305,5,370,121,4
05931810f.jpg,370,5,435,121,8
05931810f.jpg,435,5,500,121,4
059750041.jpg,685,26,722,92,1
059750041.jpg,722,26,759,92,2
059750041.jpg,759,26,796,92,7
059750041.jpg,796,26,833,92,9
059750041.jpg,833,26,870,92,7
059750041.jpg,870,26,907,92,5
05a024a74.jpg,722,77,789,196,4
05a024a74.jpg,789,77,856,196,1
05a024a74.jpg,856,77,923,196,2
05a024a74.jpg,923,77,990,196,2
05a024a74.jpg,990,77,1057,196,3
05a024a74.jpg,1057,77,1124,196,0
05affe001.jpg,484,9,552,130,4
05affe001.jpg,552,9,620,130,1
05affe001.jpg,620,9,688,130,5
05affe001.jpg,688,9,756,130,3
05affe001.jpg,756,9,824,130,9
05affe001.jpg,824,9,892,130,8
05affe001.jpg,892,9,960,130,3
05b277fe6.jpg,372,29,399,77,3
05b277fe6.jpg,399,29,426,77,6
05b277fe6.jpg,426,29,453,77,9
05b277fe6.jpg,453,29,480,77,3
05b847b1f.jpg,1242,119,1271,171,3
05b847b1f.jpg,1271,119,1300,171,2
05b847b1f.jpg,1300,119,1329,171,4
05b847b1f.jpg,1329,119,1358,171,1
05b8ed770.jpg,196,122,245,209,8
05b8ed770.jpg,245,122,294,209,2
05b8ed770.jpg,294,122,343,209,7
05b8ed770.jpg,343,122,392,209,7
05b8ed770.jpg,392,122,441,209,0
05b8ed770.jpg,441,122,490,209,3
05b8ed770.jpg,490,122,539,209,0
05b8ed770.jpg,539,122,588,209,1
05bb18957.jpg,855,133,920,249,4
05bb18957.jpg,920,133,985,249,8
05bb18957.jpg,985,133,1050,249,6
05bb18957.jpg,1050,133,1115,249,4
05bb18957.jpg,1115,133,1180,249,2
05bc27672.jpg,748,139,781,198,6
05bc27672.jpg,781,139,814,198,4
05bc27672.jpg,814,139,847,198,0
05c041cae.jpg,961,75,997,139,2
05c041cae.jpg,997,75,1033,139,2
05c041cae.jpg,1033,75,1069,139,1
05c041cae.jpg,1069,75,1105,139,9
05c041cae.jpg,1105,75,1141,139,5
05c041cae.jpg,1141,75,1177,139,9
05c05ea43.jpg,555,90,595,161,0
05c05ea43.jpg,595,90,635,161,3
05c05ea43.jpg,635,90,675,161,4
05c05ea43.jpg,675,90,715,161,3
05d6bccf8.jpg,760,54,840,196,0
05d6bccf8.jpg,840,54,920,196,6
05d6bccf8.jpg,920,54,1000,196,0
05d6bccf8.jpg,1000,54,1080,196,1
05d6bccf8.jpg,1080,54,1160,196,1
05d6bccf8.jpg,1160,54,1240,196,3
05d6bccf8.jpg,1240,54,1320,196,5
05d6bccf8.jpg,1320,54,1400,196,7
05d93a09f.jpg,49,1,128,141,4
05d93a09f.jpg,128,1,207,141,6
05d93a09f.jpg,207,1,286,141,4
05d93a09f.jpg,286,1,365,141,6
05d93a09f.jpg,365,1,444,141,1
05d93a09f.jpg,444,1,523,141,5
05e054571.jpg,543,113,591,198,7
05e054571.jpg,591,113,639,198,1
05e054571.jpg,639,113,687,198,9
05e054571.jpg,687,113,735,198,5
05f5e7366.jpg,177,79,228,170,7
05f5e7366.jpg,228,79,279,170,9
05f5e7366.jpg,279,79,330,170,2
05f9ab059.jpg,556,45,608,137,4
05f9ab059.jpg,608,45,660,137,9
05f9ab059.jpg,660,45,712,137,1
05f9ab059.jpg,712,45,764,137,7
06010432e.jpg,1156,18,1210,114,7
06010432e.jpg,1210,18,1264,114,8
06010432e.jpg,1264,18,1318,114,5
06010432e.jpg,1318,18,1372,114,5
06010432e.jpg,1372,18,1426,114,7
0603c2340.jpg,703,93,759,193,1
0603c2340.jpg,759,93,815,193,0
0603c2340.jpg,815,93,871,193,9
0603c2340.jpg,871,93,927,193,6
0603c2340.jpg,927,93,983,193,1
0603c2340.jpg,983,93,1039,193,7
0606395c5.jpg,372,61,420,146,9
0606395c5.jpg,420,61,468,146,8
0606395c5.jpg,468,61,516,146,7
0606395c5.jpg,516,61,564,146,1
0606395c5.jpg,564,61,612,146,1
0606395c5.jpg,612,61,660,146,6
0606395c5.jpg,660,61,708,146,7
0606395c5.jpg,708,61,756,146,0
0613c11b3.jpg,359,125,429,249,3
0613c11b3.jpg,429,125,499,249,2
0613c11b3.jpg,499,125,569,249,5
0613c11b3.jpg,569,125,639,249,4
0613c11b3.jpg,639,125,709,249,2
061c3401a.jpg,714,8,767,102,5
061c3401a.jpg,767,8,820,102,9
061c3401a.jpg,820,8,873,102,0
061c3401a.jpg,873,8,926,102,0
061c3401a.jpg,926,8,979,102,0
062167783.jpg,358,43,410,135,7
062167783.jpg,410,43,462,135,9
062167783.jpg,462,43,514,135,2
062167783.jpg,514,43,566,135,9
0622e38c0.jpg,1257,71,1286,123,1
0622e38c0.jpg,1286,71,1315,123,2
0622e38c0.jpg,1315,71,1344,123,6
0622e38c0.jpg,1344,71,1373,123,4
0622e38c0.jpg,1373,71,1402,123,2
0622e38c0.jpg,1402,71,1431,123,7
0622e38c0.jpg,1431,71,1460,123,0
0622e38c0.jpg,1460,71,1489,123,9
0634275a6.jpg,735,72,787,164,2
0634275a6.jpg,787,72,839,164,2
0634275a6.jpg,839,72,891,164,9
063571c5c.jpg,379,79,438,184,8
063571c5c.jpg,438,79,497,184,5
063571c5c.jpg,497,79,556,184,9
063571c5c.jpg,556,79,615,184,2
063571c5c.jpg,615,79,674,184,5
063571c5c.jpg,674,79,733,184,3
063571c5c.jpg,733,79,792,184,4
063687351.jpg,656,88,718,198,3
063687351.jpg,718,88,780,198,4
063687351.jpg,780,88,842,198,2
063687351.jpg,842,88,904,198,3
063687351.jpg,904,88,966,198,5
063687351.jpg,966,88,1028,198,8
063b5dcbe.jpg,168,111,246,250,9
063b5dcbe.jpg,246,111,324,250,3
063b5dcbe.jpg,324,111,402,250,7
063b5dcbe.jpg,402,111,480,250,3
063b5dcbe.jpg,480,111,558,250,8
063b5dcbe.jpg,558,111,636,250,2
063b5dcbe.jpg,636,111,714,250,8
063b5dcbe.jpg,714,111,792,250,0
063fa1630.jpg,122,153,149,201,9
063fa1630.jpg,149,153,176,201,8
063fa1630.jpg,176,153,203,201,6
06408d355.jpg,324,0,396,128,8
06408d355.jpg,396,0,468,128,6
06408d355.jpg,468,0,540,128,6
06408d355.jpg,540,0,612,128,6
06408d355.jpg,612,0,684,128,1
06408d355.jpg,684,0,756,128,9
064151eee.jpg,267,72,304,138,7
064151eee.jpg,304,72,341,138,3
064151eee.jpg,341,72,378,138,6
064151eee.jpg,378,72,415,138,6
064151eee.jpg,415,72,452,138,1
064151eee.jpg,452,72,489,138,2
064151eee.jpg,489,72,526,138,4
0645d69f9.jpg,370,47,421,138,5
0645d69f9.jpg,421,47,472,138,3
0645d69f9.jpg,472,47,523,138,9
0645d69f9.jpg,523,47,574,138,4
0645d69f9.jpg,574,47,625,138,5
064abd7c5.jpg,973,20,1026,114,9
064abd7c5.jpg,1026,20,1079,114,4
064abd7c5.jpg,1079,20,1132,114,4
064abd7c5.jpg,1132,20,1185,114,1
065b9097b.jpg,700,113,750,202,2
065b9097b.jpg,750,113,800,202,4
065b9097b.jpg,800,113,850,202,3
065b9097b.jpg,850,113,900,202,2
065b9097b.jpg,900,113,950,202,0
066b9220c.jpg,955,138,1012,239,0
066b9220c.jpg,1012,138,1069,239,7
066b9220c.jpg,1069,138,1126,239,1
066b9220c.jpg,1126,138,1183,239,0
066b9220c.jpg,1183,138,1240,239,4
066b9220c.jpg,1240,138,1297,239,9
066b9220c.jpg,1297,138,1354,239,4
066bed8c1.jpg,951,54,984,113,7
066bed8c1.jpg,984,54,1017,113,4
066bed8c1.jpg,1017,54,1050,113,4
066bed8c1.jpg,1050,54,1083,113,6
066ecd182.jpg,1011,133,1059,218,2
066ecd182.jpg,1059,133,1107,218,8
066ecd182.jpg,1107,133,1155,218,8
06706aba1.jpg,899,25,938,94,0
06706aba1.jpg,938,25,977,94,5
06706aba1.jpg,977,25,1016,94,6
06706aba1.jpg,1016,25,1055,94,9
06706aba1.jpg,1055,25,1094,94,1
06706aba1.jpg,1094,25,1133,94,8
06713b712.jpg,644,39,707,151,0
06713b712.jpg,707,39,770,151,2
06713b712.jpg,770,39,833,151,6
06713b712.jpg,833,39,896,151,9
06713b712.jpg,896,39,959,151,5
06713b712.jpg,959,39,1022,151,4
06713b712.jpg,1022,39,1085,151,5
0676cc4a1.jpg,58,18,109,109,6
0676cc4a1.jpg,109,18,160,109,0
0676cc4a1.jpg,160,18,211,109,3
0676cc4a1.jpg,211,18,262,109,8
0676cc4a1.jpg,262,18,313,109,2
0676cc4a1.jpg,313,18,364,109,0
0676cc4a1.jpg,364,18,415,109,5
0676cc4a1.jpg,415,18,466,109,5
068587112.jpg,80,74,114,134,1
068587112.jpg,114,74,148,134,0
068587112.jpg,148,74,182,134,4
068587112.jpg,182,74,216,134,1
068587112.jpg,216,74,250,134,1
068587112.jpg,250,74,284,134,7
068587112.jpg,284,74,318,134,4
068587112.jpg,318,74,352,134,7
068698697.jpg,399,14,449,103,5
068698697.jpg,449,14,499,103,3
068698697.jpg,499,14,549,103,5
068698697.jpg,549,14,599,103,5
0693ae6fd.jpg,752,21,781,73,7
0693ae6fd.jpg,781,21,810,73,9
0693ae6fd.jpg,810,21,839,73,8
0693ae6fd.jpg,839,21,868,73,7
0693ae6fd.jpg,868,21,897,73,3
0693ae6fd.jpg,897,21,926,73,5
0696cfa05.jpg,671,113,739,234,3
0696cfa05.jpg,739,113,807,234,5
0696cfa05.jpg,807,113,875,234,8
0696cfa05.jpg,875,113,943,234,9
0696cfa05.jpg,943,113,1011,234,4
0696cfa05.jpg,1011,113,1079,234,6
0698ffa7a.jpg,669,98,718,185,5
0698ffa7a.jpg,718,98,767,185,5
0698ffa7a.jpg,767,98,816,185,4
0698ffa7a.jpg,816,98,865,185,1
0698ffa7a.jpg,865,98,914,185,3
0698ffa7a.jpg,914,98,963,185,8
06a01c775.jpg,700,55,744,133,4
06a01c775.jpg,744,55,788,133,4
06a01c775.jpg,788,55,832,133,9
06a01c775.jpg,832,55,876,133,4
06a01c775.jpg,876,55,920,133,0
06a01c775.jpg,920,55,964,133,1
06a01c775.jpg,964,55,1008,133,7
06a86ee90.jpg,199,98,277,237,2
06a86ee90.jpg,277,98,355,237,0
06a86ee90.jpg,355,98,433,237,6
06ab5c48e.jpg,298,138,352,234,5
06ab5c48e.jpg,352,138,406,234,4
06ab5c48e.jpg,406,138,460,234,1
06ab5c48e.jpg,460,138,514,234,7
06ab5c48e.jpg,514,138,568,234,1
06ad83bac.jpg,754,163,792,231,5
06ad83bac.jpg,792,163,830,231,0
06ad83bac.jpg,830,163,868,231,4
06ad83bac.jpg,868,163,906,231,8
06ad83bac.jpg,906,163,944,231,8
06ad83bac.jpg,944,163,982,231,1
06ad83bac.jpg,982,163,1020,231,5
06ad83bac.jpg,1020,163,1058,231,9
06ae96c30.jpg,306,62,359,156,4
06ae96c30.jpg,359,62,412,156,3
06ae96c30.jpg,412,62,465,156,3
06ae96c30.jpg,465,62,518,156,2
06aed81ba.jpg,191,19,235,97,6
06aed81ba.jpg,235,19,279,97,4
06aed81ba.jpg,279,19,323,97,4
06aed81ba.jpg,323,19,367,97,6
06aed81ba.jpg,367,19,411,97,7
06aed81ba.jpg,411,19,455,97,9
06aed81ba.jpg,455,19,499,97,2
06b04779f.jpg,1321,151,1354,210,8
06b04779f.jpg,1354,151,1387,210,7
06b04779f.jpg,1387,151,1420,210,1
06b04779f.jpg,1420,151,1453,210,1
06b04779f.jpg,1453,151,1486,210,9
06b384e78.jpg,122,15,203,159,3
06b384e78.jpg,203,15,284,159,9
06b384e78.jpg,284,15,365,159,4
06b384e78.jpg,365,15,446,159,1
06b384e78.jpg,446,15,527,159,5
06b49e34f.jpg,117,49,194,186,1
06b49e34f.jpg,194,49,271,186,3
06b49e34f.jpg,271,49,348,186,6
06b49e34f.jpg,348,49,425,186,5
06b49e34f.jpg,425,49,502,186,4
06b49e34f.jpg,502,49,579,186,7
06be52dfd.jpg,772,81,822,170,6
06be52dfd.jpg,822,81,872,170,1
06be52dfd.jpg,872,81,922,170,6
06be52dfd.jpg,922,81,972,170,2
06be52dfd.jpg,972,81,1022,170,3
06be52dfd.jpg,1022,81,1072,170,8
06be52dfd.jpg,1072,81,1122,170,6
06c2d79b1.jpg,929,12,1002,142,8
06c2d79b1.jpg,1002,12,1075,142,4
06c2d79b1.jpg,1075,12,1148,142,6
06c2d79b1.jpg,1148,12,1221,142,8
06c2d79b1.jpg,1221,12,1294,142,0
06d0fbb0c.jpg,294,27,366,155,5
06d0fbb0c.jpg,366,27,438,155,9
06d0fbb0c.jpg,438,27,510,155,9
06d0fbb0c.jpg,510,27,582,155,0
06d0fbb0c.jpg,582,27,654,155,5
06d0fbb0c.jpg,654,27,726,155,1
06d0fbb0c.jpg,726,27,798,155,5
06d3a99cb.jpg,902,21,944,96,9
06d3a99cb.jpg,944,21,986,96,6
06d3a99cb.jpg,986,21,1028,96,4
06dc73f58.jpg,339,138,398,243,4
06dc73f58.jpg,398,138,457,243,5
06dc73f58.jpg,457,138,516,243,9
06e099136.jpg,409,53,448,122,6
06e099136.jpg,448,53,487,122,4
06e099136.jpg,487,53,526,122,9
06e099136.jpg,526,53,565,122,0
06e5521bc.jpg,1366,168,1399,227,5
06e5521bc.jpg,1399,168,1432,227,7
06e5521bc.jpg,1432,168,1465,227,4
06e5521bc.jpg,1465,168,1498,227,9
06e5521bc.jpg,1498,168,1531,227,7
06e5521bc.jpg,1531,168,1564,227,4
06e5521bc.jpg,1564,168,1597,227,3
06e55cb16.jpg,637,90,701,204,6
06e55cb16.jpg,701,90,765,204,5
06e55cb16.jpg,765,90,829,204,5
06e55cb16.jpg,829,90,893,204,8
06e6582af.jpg,778,52,819,125,1
06e6582af.jpg,819,52,860,125,2
06e6582af.jpg,860,52,901,125,2
06e6e7a8c.jpg,1114,150,1141,198,2
06e6e7a8c.jpg,1141,150,1168,198,3
06e6e7a8c.jpg,1168,150,1195,198,9
06e6e7a8c.jpg,1195,150,1222,198,4
06e7b157a.jpg,855,20,895,91,2
06e7b157a.jpg,895,20,935,91,9
06e7b157a.jpg,935,20,975,91,7
06e7b157a.jpg,975,20,1015,91,4
06e7b157a.jpg,1015,20,1055,91,4
06e7b157a.jpg,1055,20,1095,91,7
06e803ff6.jpg,1336,94,1401,210,9
06e803ff6.jpg,1401,94,1466,210,5
06e803ff6.jpg,1466,94,1531,210,2
06e803ff6.jpg,1531,94,1596,210,6
06eb68728.jpg,458,29,491,88,3
06eb68728.jpg,491,29,524,88,6
06eb68728.jpg,524,29,557,88,4
06eb68728.jpg,557,29,590,88,4
06eb68728.jpg,590,29,623,88,9
06eb68728.jpg,623,29,656,88,6
06ebfef3d.jpg,236,9,301,125,1
06ebfef3d.jpg,301,9,366,125,0
06ebfef3d.jpg,366,9,431,125,6
06ebfef3d.jpg,431,9,496,125,4
06ebfef3d.jpg,496,9,561,125,2
06ebfef3d.jpg,561,9,626,125,0
06f06e101.jpg,1192,203,1220,253,3
06f06e101.jpg,1220,203,1248,253,6
06f06e101.jpg,1248,203,1276,253,4
06f06e101.jpg,1276,203,1304,253,2
06f06e101.jpg,1304,203,1332,253,6
06f06e101.jpg,1332,203,1360,253,2
06f06e101.jpg,1360,203,1388,253,6
06f52f4dd.jpg,34,83,115,227,7
06f52f4dd.jpg,115,83,196,227,5
06f52f4dd.jpg,196,83,277,227,0
06f52f4dd.jpg,277,83,358,227,7
06f52f4dd.jpg,358,83,439,227,8
06fb3a6e5.jpg,616,43,644,93,8
06fb3a6e5.jpg,644,43,672,93,0
06fb3a6e5.jpg,672,43,700,93,7
06fb3a6e5.jpg,700,43,728,93,4
06fb3a6e5.jpg,728,43,756,93,4
06fb3a6e5.jpg,756,43,784,93,5
070037b64.jpg,196,62,256,169,1
070037b64.jpg,256,62,316,169,1
070037b64.jpg,316,62,376,169,1
070037b64.jpg,376,62,436,169,5
070037b64.jpg,436,62,496,169,6
070037b64.jpg,496,62,556,169,5
070f0733c.jpg,215,99,285,223,3
070f0733c.jpg,285,99,355,223,3
070f0733c.jpg,355,99,425,223,3
070f0733c.jpg,425,99,495,223,2
070f0733c.jpg,495,99,565,223,5
070f0733c.jpg,565,99,635,223,7
070f0733c.jpg,635,99,705,223,0
0712fbd90.jpg,241,79,282,152,3
0712fbd90.jpg,282,79,323,152,0
0712fbd90.jpg,323,79,364,152,0
0712fbd90.jpg,364,79,405,152,1
07134bc11.jpg,1325,157,1354,209,2
07134bc11.jpg,1354,157,1383,209,6
07134bc11.jpg,1383,157,1412,209,1
071d4562e.jpg,1282,31,1321,100,0
071d4562e.jpg,1321,31,1360,100,0
071d4562e.jpg,1360,31,1399,100,5
071d4562e.jpg,1399,31,1438,100,5
072135c11.jpg,1150,100,1225,233,3
072135c11.jpg,1225,100,1300,233,5
072135c11.jpg,1300,100,1375,233,1
072135c11.jpg,1375,100,1450,233,6
0728b2ac9.jpg,448,89,488,160,0
0728b2ac9.jpg,488,89,528,160,5
0728b2ac9.jpg,528,89,568,160,9
0739e9688.jpg,1092,137,1145,231,7
0739e9688.jpg,1145,137,1198,231,5
0739e9688.jpg,1198,137,1251,231,5
0739e9688.jpg,1251,137,1304,231,7
0757665c0.jpg,900,13,955,111,6
0757665c0.jpg,955,13,1010,111,1
0757665c0.jpg,1010,13,1065,111,7
0757665c0.jpg,1065,13,1120,111,4
0757665c0.jpg,1120,13,1175,111,7
075ae68f4.jpg,725,46,794,169,8
075ae68f4.jpg,794,46,863,169,7
075ae68f4.jpg,863,46,932,169,2
075ae68f4.jpg,932,46,1001,169,5
075ae68f4.jpg,1001,46,1070,169,9
075ae68f4.jpg,1070,46,1139,169,8
075ae68f4.jpg,1139,46,1208,169,6
075ae68f4.jpg,1208,46,1277,169,6
07611b0a1.jpg,731,46,798,165,5
07611b0a1.jpg,798,46,865,165,8
07611b0a1.jpg,865,46,932,165,0
07732248e.jpg,394,109,426,166,2
07732248e.jpg,426,109,458,166,4
07732248e.jpg,458,109,490,166,0
07732248e.jpg,490,109,522,166,5
07732248e.jpg,522,109,554,166,1
07732248e.jpg,554,109,586,166,8
0773c1d35.jpg,375,2,405,55,6
0773c1d35.jpg,405,2,435,55,7
0773c1d35.jpg,435,2,465,55,1
0773c1d35.jpg,465,2,495,55,5
0773c1d35.jpg,495,2,525,55,0
0773c1d35.jpg,525,2,555,55,3
0773c1d35.jpg,555,2,585,55,9
0773c1d35.jpg,585,2,615,55,0
0774ee747.jpg,866,20,894,70,3
0774ee747.jpg,894,20,922,70,0
0774ee747.jpg,922,20,950,70,8
0774ee747.jpg,950,20,978,70,2
0774ee747.jpg,978,20,1006,70,0
0774ee747.jpg,1006,20,1034,70,2
0774ee747.jpg,1034,20,1062,70,4
078662bf4.jpg,1093,21,1129,85,5
078662bf4.jpg,1129,21,1165,85,5
078662bf4.jpg,1165,21,1201,85,7
078662bf4.jpg,1201,21,1237,85,5
078662bf4.jpg,1237,21,1273,85,7
078662bf4.jpg,1273,21,1309,85,5
078b924cd.jpg,882,100,944,210,0
078b924cd.jpg,944,100,1006,210,7
078b924cd.jpg,1006,100,1068,210,4
078cb6932.jpg,154,179,187,238,5
078cb6932.jpg,187,179,220,238,4
078cb6932.jpg,220,179,253,238,2
078cb6932.jpg,253,179,286,238,6
078e8abfb.jpg,137,33,172,95,9
078e8abfb.jpg,172,33,207,95,2
078e8abfb.jpg,207,33,242,95,6
078e8abfb.jpg,242,33,277,95,4
078f4f53a.jpg,1074,36,1128,132,0
078f4f53a.jpg,1128,36,1182,132,6
078f4f53a.jpg,1182,36,1236,132,2
078f4f53a.jpg,1236,36,1290,132,9
078f4f53a.jpg,1290,36,1344,132,8
078f4f53a.jpg,1344,36,1398,132,5
0792723f1.jpg,939,83,988,170,3
0792723f1.jpg,988,83,1037,170,6
0792723f1.jpg,1037,83,1086,170,2
0792723f1.jpg,1086,83,1135,170,3
0792723f1.jpg,1135,83,1184,170,7
07988700a.jpg,491,115,565,247,7
07988700a.jpg,565,115,639,247,4
07988700a.jpg,639,115,713,247,5
07988700a.jpg,713,115,787,247,9
07988700a.jpg,787,115,861,247,0
07988700a.jpg,861,115,935,247,7
07988700a.jpg,935,115,1009,247,1
079ff61ce.jpg,1155,145,1199,223,2
079ff61ce.jpg,1199,145,1243,223,8
079ff61ce.jpg,1243,145,1287,223,0
079ff61ce.jpg,1287,145,1331,223,2
07a238cf0.jpg,942,18,1008,135,0
07a238cf0.jpg,1008,18,1074,135,0
07a238cf0.jpg,1074,18,1140,135,3
07a238cf0.jpg,1140,18,1206,135,5
07a238cf0.jpg,1206,18,1272,135,0
07a5651ce.jpg,874,100,953,240,2
07a5651ce.jpg,953,100,1032,240,1
07a5651ce.jpg,1032,100,1111,240,7
07a5651ce.jpg,1111,100,1190,240,6
07ab05fc1.jpg,549,86,584,148,6
07ab05fc1.jpg,584,86,619,148,9
07ab05fc1.jpg,619,86,654,148,7
07ab05fc1.jpg,654,86,689,148,8
07ab05fc1.jpg,689,86,724,148,7
07ab05fc1.jpg,724,86,759,148,4
07ab05fc1.jpg,759,86,794,148,7
07abc49a1.jpg,820,51,858,119,8
07abc49a1.jpg,858,51,896,119,5
07abc49a1.jpg,896,51,934,119,8
07abc49a1.jpg,934,51,972,119,7
07abc49a1.jpg,972,51,1010,119,2
07b1a9644.jpg,959,29,1014,127,3
07b1a9644.jpg,1014,29,1069,127,7
07b1a9644.jpg,1069,29,1124,127,9
07b1a9644.jpg,1124,29,1179,127,4
07b1a9644.jpg,1179,29,1234,127,7
07b1a9644.jpg,1234,29,1289,127,1
07b1a9644.jpg,1289,29,1344,127,4
07b1a9644.jpg,1344,29,1399,127,4
07b627cb9.jpg,946,87,1022,222,2
07b627cb9.jpg,1022,87,1098,222,6
07b627cb9.jpg,1098,87,1174,222,4
07b627cb9.jpg,1174,87,1250,222,9
07b627cb9.jpg,1250,87,1326,222,9
07b627cb9.jpg,1326,87,1402,222,3
07b627cb9.jpg,1402,87,1478,222,1
07b627cb9.jpg,1478,87,1554,222,2
07ba16aba.jpg,1136,103,1190,199,8
07ba16aba.jpg,1190,103,1244,199,2
07ba16aba.jpg,1244,103,1298,199,2
07ba16aba.jpg,1298,103,1352,199,4
07ba16aba.jpg,1352,103,1406,199,2
07ba16aba.jpg,1406,103,1460,199,9
07ba16aba.jpg,1460,103,1514,199,4
07ba16aba.jpg,1514,103,1568,199,3
07ba66beb.jpg,463,14,525,124,7
07ba66beb.jpg,525,14,587,124,8
07ba66beb.jpg,587,14,649,124,7
07ba66beb.jpg,649,14,711,124,4
07ba66beb.jpg,711,14,773,124,4
07ba66beb.jpg,773,14,835,124,2
07ba66beb.jpg,835,14,897,124,1
07c8ba1d5.jpg,1261,147,1301,218,4
07c8ba1d5.jpg,1301,147,1341,218,4
07c8ba1d5.jpg,1341,147,1381,218,9
07c8ba1d5.jpg,1381,147,1421,218,2
07c8ba1d5.jpg,1421,147,1461,218,9
07c8ba1d5.jpg,1461,147,1501,218,3
07c8ba1d5.jpg,1501,147,1541,218,8
07c8ba1d5.jpg,1541,147,1581,218,0
07cb6d544.jpg,1146,166,1177,221,9
07cb6d544.jpg,1177,166,1208,221,6
07cb6d544.jpg,1208,166,1239,221,3
07cb85a8d.jpg,1350,61,1408,164,5
07cb85a8d.jpg,1408,61,1466,164,3
07cb85a8d.jpg,1466,61,1524,164,7
07cb85a8d.jpg,1524,61,1582,164,1
07cbfd1f8.jpg,589,101,631,176,6
07cbfd1f8.jpg,631,101,673,176,6
07cbfd1f8.jpg,673,101,715,176,1
07cbfd1f8.jpg,715,101,757,176,1
07cbfd1f8.jpg,757,101,799,176,3
07cbfd1f8.jpg,799,101,841,176,7
07cbfd1f8.jpg,841,101,883,176,0
07cd0a3e9.jpg,591,105,661,229,8
07cd0a3e9.jpg,661,105,731,229,7
07cd0a3e9.jpg,731,105,801,229,8
07d589794.jpg,834,37,895,145,5
07d589794.jpg,895,37,956,145,7
07d589794.jpg,956,37,1017,145,3
07d589794.jpg,1017,37,1078,145,7
07d589794.jpg,1078,37,1139,145,4
07d589794.jpg,1139,37,1200,145,8
07e6bbef3.jpg,747,46,826,186,4
07e6bbef3.jpg,826,46,905,186,9
07e6bbef3.jpg,905,46,984,186,2
07e6bbef3.jpg,984,46,1063,186,3
07e6bbef3.jpg,1063,46,1142,186,8
07e6bbef3.jpg,1142,46,1221,186,7
07e8fca73.jpg,411,54,474,166,8
07e8fca73.jpg,474,54,537,166,2
07e8fca73.jpg,537,54,600,166,3
07e8fca73.jpg,600,54,663,166,0
07e8fca73.jpg,663,54,726,166,2
07e8fca73.jpg,726,54,789,166,7
07e8fca73.jpg,789,54,852,166,1